/*M!999999\- enable the sandbox mode */ 
-- MariaDB dump 10.19  Distrib 10.6.24-MariaDB, for Linux (x86_64)
--
-- Host: localhost    Database: blogGS
-- ------------------------------------------------------
-- Server version	10.6.24-MariaDB-cll-lve

/*!40101 SET @OLD_CHARACTER_SET_CLIENT=@@CHARACTER_SET_CLIENT */;
/*!40101 SET @OLD_CHARACTER_SET_RESULTS=@@CHARACTER_SET_RESULTS */;
/*!40101 SET @OLD_COLLATION_CONNECTION=@@COLLATION_CONNECTION */;
/*!40101 SET NAMES utf8mb4 */;
/*!40103 SET @OLD_TIME_ZONE=@@TIME_ZONE */;
/*!40103 SET TIME_ZONE='+00:00' */;
/*!40014 SET @OLD_UNIQUE_CHECKS=@@UNIQUE_CHECKS, UNIQUE_CHECKS=0 */;
/*!40014 SET @OLD_FOREIGN_KEY_CHECKS=@@FOREIGN_KEY_CHECKS, FOREIGN_KEY_CHECKS=0 */;
/*!40101 SET @OLD_SQL_MODE=@@SQL_MODE, SQL_MODE='NO_AUTO_VALUE_ON_ZERO' */;
/*!40111 SET @OLD_SQL_NOTES=@@SQL_NOTES, SQL_NOTES=0 */;

--
-- Table structure for table `article_image`
--

DROP TABLE IF EXISTS `article_image`;
/*!40101 SET @saved_cs_client     = @@character_set_client */;
/*!40101 SET character_set_client = utf8mb4 */;
CREATE TABLE `article_image` (
  `id` int(10) unsigned NOT NULL AUTO_INCREMENT,
  `created_at` timestamp NULL DEFAULT NULL,
  `updated_at` timestamp NULL DEFAULT NULL,
  `article_id` int(10) unsigned NOT NULL,
  `image_id` int(10) unsigned NOT NULL,
  PRIMARY KEY (`id`),
  KEY `article_image_article_id_foreign` (`article_id`),
  KEY `article_image_image_id_foreign` (`image_id`),
  CONSTRAINT `article_image_article_id_foreign` FOREIGN KEY (`article_id`) REFERENCES `articles` (`id`) ON DELETE CASCADE,
  CONSTRAINT `article_image_image_id_foreign` FOREIGN KEY (`image_id`) REFERENCES `images` (`id`) ON DELETE CASCADE
) ENGINE=InnoDB AUTO_INCREMENT=73 DEFAULT CHARSET=utf8mb4 COLLATE=utf8mb4_unicode_ci;
/*!40101 SET character_set_client = @saved_cs_client */;

--
-- Dumping data for table `article_image`
--

LOCK TABLES `article_image` WRITE;
/*!40000 ALTER TABLE `article_image` DISABLE KEYS */;
INSERT INTO `article_image` (`id`, `created_at`, `updated_at`, `article_id`, `image_id`) VALUES (2,NULL,NULL,2,32),(3,NULL,NULL,3,33),(4,NULL,NULL,4,34),(11,NULL,NULL,11,42),(13,NULL,NULL,13,44),(17,NULL,NULL,17,48),(19,NULL,NULL,19,50),(22,NULL,NULL,22,58),(27,NULL,NULL,27,130),(37,NULL,NULL,37,142),(40,NULL,NULL,40,145),(42,NULL,NULL,42,138),(43,NULL,NULL,43,42),(46,NULL,NULL,46,149),(47,NULL,NULL,5,35),(48,NULL,NULL,6,36),(49,NULL,NULL,7,37),(50,NULL,NULL,8,38),(51,NULL,NULL,10,40),(52,NULL,NULL,12,43),(53,NULL,NULL,14,45),(54,NULL,NULL,15,46),(55,NULL,NULL,16,47),(56,NULL,NULL,18,49),(57,NULL,NULL,21,57),(58,NULL,NULL,23,59),(59,NULL,NULL,24,60),(60,NULL,NULL,25,61),(61,NULL,NULL,26,62),(62,NULL,NULL,50,135),(63,NULL,NULL,53,38),(64,NULL,NULL,54,152),(65,NULL,NULL,55,153),(66,NULL,NULL,56,152),(70,NULL,NULL,64,157),(71,NULL,NULL,65,157),(72,NULL,NULL,66,42);
/*!40000 ALTER TABLE `article_image` ENABLE KEYS */;
UNLOCK TABLES;

--
-- Table structure for table `article_tag`
--

DROP TABLE IF EXISTS `article_tag`;
/*!40101 SET @saved_cs_client     = @@character_set_client */;
/*!40101 SET character_set_client = utf8mb4 */;
CREATE TABLE `article_tag` (
  `id` int(10) unsigned NOT NULL AUTO_INCREMENT,
  `article_id` int(10) unsigned NOT NULL,
  `tag_id` int(10) unsigned NOT NULL,
  `created_at` timestamp NULL DEFAULT NULL,
  `updated_at` timestamp NULL DEFAULT NULL,
  PRIMARY KEY (`id`),
  KEY `article_tag_article_id_foreign` (`article_id`),
  KEY `article_tag_tag_id_foreign` (`tag_id`),
  CONSTRAINT `article_tag_article_id_foreign` FOREIGN KEY (`article_id`) REFERENCES `articles` (`id`) ON DELETE CASCADE,
  CONSTRAINT `article_tag_tag_id_foreign` FOREIGN KEY (`tag_id`) REFERENCES `tags` (`id`) ON DELETE CASCADE
) ENGINE=InnoDB AUTO_INCREMENT=179 DEFAULT CHARSET=utf8mb4 COLLATE=utf8mb4_unicode_ci;
/*!40101 SET character_set_client = @saved_cs_client */;

--
-- Dumping data for table `article_tag`
--

LOCK TABLES `article_tag` WRITE;
/*!40000 ALTER TABLE `article_tag` DISABLE KEYS */;
INSERT INTO `article_tag` (`id`, `article_id`, `tag_id`, `created_at`, `updated_at`) VALUES (1,4,2,NULL,NULL),(2,3,2,NULL,NULL),(16,11,2,NULL,NULL),(17,11,3,NULL,NULL),(18,11,7,NULL,NULL),(25,13,7,NULL,NULL),(26,13,3,NULL,NULL),(35,17,3,NULL,NULL),(36,17,4,NULL,NULL),(37,17,5,NULL,NULL),(41,19,3,NULL,NULL),(42,19,7,NULL,NULL),(47,22,3,NULL,NULL),(48,22,7,NULL,NULL),(49,22,9,NULL,NULL),(65,27,2,NULL,NULL),(66,27,3,NULL,NULL),(67,27,16,NULL,NULL),(68,27,15,NULL,NULL),(97,37,2,NULL,NULL),(99,37,21,NULL,NULL),(111,40,3,NULL,NULL),(112,40,2,NULL,NULL),(117,42,7,NULL,NULL),(118,42,9,NULL,NULL),(119,42,24,NULL,NULL),(120,43,3,NULL,NULL),(121,43,7,NULL,NULL),(122,43,9,NULL,NULL),(123,43,24,NULL,NULL),(132,46,3,NULL,NULL),(133,46,15,NULL,NULL),(144,50,17,NULL,NULL),(145,5,3,NULL,NULL),(146,6,3,NULL,NULL),(147,7,3,NULL,NULL),(151,54,34,NULL,NULL),(152,53,35,NULL,NULL),(153,53,4,NULL,NULL),(154,53,3,NULL,NULL),(155,54,29,NULL,NULL),(156,55,2,NULL,NULL),(157,55,3,NULL,NULL),(158,55,15,NULL,NULL),(159,56,3,NULL,NULL),(160,56,34,NULL,NULL),(172,64,29,NULL,NULL),(173,64,36,NULL,NULL),(174,65,29,NULL,NULL),(175,65,36,NULL,NULL),(176,66,3,NULL,NULL),(177,66,7,NULL,NULL),(178,66,9,NULL,NULL);
/*!40000 ALTER TABLE `article_tag` ENABLE KEYS */;
UNLOCK TABLES;

--
-- Table structure for table `articles`
--

DROP TABLE IF EXISTS `articles`;
/*!40101 SET @saved_cs_client     = @@character_set_client */;
/*!40101 SET character_set_client = utf8mb4 */;
CREATE TABLE `articles` (
  `id` int(10) unsigned NOT NULL AUTO_INCREMENT,
  `title` varchar(255) NOT NULL,
  `content` text NOT NULL,
  `summary` text NOT NULL,
  `user_id` int(10) unsigned NOT NULL,
  `category_id` int(10) unsigned NOT NULL,
  `created_at` timestamp NULL DEFAULT NULL,
  `updated_at` timestamp NULL DEFAULT NULL,
  `slug` varchar(255) DEFAULT NULL,
  `status` enum('published','edited') NOT NULL DEFAULT 'published',
  PRIMARY KEY (`id`),
  KEY `articles_user_id_foreign` (`user_id`),
  KEY `articles_category_id_foreign` (`category_id`),
  CONSTRAINT `articles_category_id_foreign` FOREIGN KEY (`category_id`) REFERENCES `categories` (`id`) ON DELETE CASCADE,
  CONSTRAINT `articles_user_id_foreign` FOREIGN KEY (`user_id`) REFERENCES `users` (`id`) ON DELETE CASCADE
) ENGINE=InnoDB AUTO_INCREMENT=67 DEFAULT CHARSET=utf8mb4 COLLATE=utf8mb4_unicode_ci;
/*!40101 SET character_set_client = @saved_cs_client */;

--
-- Dumping data for table `articles`
--

LOCK TABLES `articles` WRITE;
/*!40000 ALTER TABLE `articles` DISABLE KEYS */;
INSERT INTO `articles` (`id`, `title`, `content`, `summary`, `user_id`, `category_id`, `created_at`, `updated_at`, `slug`, `status`) VALUES (2,'Primero lo primero','<p><span class=\"c-o\">Esta</span> es la primer entrada del blog por lo que me gustaría dejar algunos puntos en claro por si en un futuro es necesario regresar y ver cuales fueron las razones de haber iniciado este proyecto.</p><p><span class=\"c-o\">Primero</span> que nada este proyecto no pretende ser una guía de ningún tipo, aspirando únicamente a llegar a ser texto de apoyo para quienes pudieran encontrarse en similares casos.<br></p><p><span class=\"c-o\">No será</span> un contenido formal pero tampoco será un contenido banal, que pudiera ser de utilidad para alguien.<br></p><p><span class=\"c-o\">El lenguaje</span> plasmado pudiera llegar a ser demasiado informal en ocasiones por lo que se solicitan disculpas anticipadas.<br></p>','<p><span class=\"c-o\">Esta</span> es la primer entrada del blog por lo que me gustaría dejar algunos puntos en claro por si en un...',2,4,'2018-04-20 06:43:15','2018-04-20 06:43:15','primero-lo-primero','published'),(3,'Instalar paqutes .tar.gz  y tar.bz2','<p>Existen diversas formas en las que un usuario de Linux puede instalar y ejecutar una aplicación, desde un repositorio hasta su instalación por medio de paquetes dependiendo de la distribución en la que se este trabajando.</p><p>Una de esas formas se presenta cuando se pretende instalar una aplicación que es suministrada ya sea en formato .tar.gz o tar.bz2 los famosos <strong>tarballs</strong>, para ambos casos es necesario iniciar por ubicarnos en la carpeta en la que se ha descargado el archivo para continuar con lo siguiente.<br></p><p>Descomprimimos el archivo con los siguientes comandos dependiendo del&nbsp; caso...<br></p><pre> <code><span>tar -zxvf archivo.tar.gz</span><br><span>tar -jxvf archivo.tar.bz2</span></code></pre><p>A partir de este punto pudieran presentarse dos situaciones...<br></p><p> <span class=\"c-o\">La primera </span> pudiera&nbsp; ser que el desarrollador&nbsp; suministre el código fuente del software listo para configurar, compilar e instalar , para lo cual nos ubicamos en el directorio que se ha desempaquetado y hacemos lo siguiente...&nbsp;<br></p><p>Configuramos con el comando</p><br>\r\n<pre><code><span>./configure</span></code></pre>\r\n<p>Compilamos...</p>\r\n<pre><code><span>make</span></code></pre>\r\n<p>Y por ultimo instalamos...</p>\r\n<pre><code><span>make install</span></code></pre>\r\n<p><span class=\"c-o\"><strong>Nota:</strong></span> hay que tener en cuenta las dependencias que pudiera necesitar el software.</p><p>En este punto si todo ha sido correcto, la aplicación estaría lista para ser usada; pudiera ser que al instalar la aplicación se halla creado el lanzador de la aplicación e instalado los archivos en su ubicación correspondiente, pero por lo general solo se crea un archivo binario en la ubicación actual o en una carpeta llamada bin, con el nombre de la aplicación el cual es el encargado de su ejecución.<br></p><p>Dicho lo anterior, para ejecutar la aplicación desde terminal será necesario buscar tal archivo (pudiera encontrarse dentro de un directorio llamado bin ) e ingresar el nombre de este y así cada ves que se desee correr el programa.<br></p><p>Tal ves resultaría más practico crear un lanzador para la nueva aplicación y así evitar tener que ejecutar el software desde la terminal, eso lo veremos en otro post.<br></p><p><span class=\"c-o\">La otra situación </span> que mencionaba es que al desempaquetar el archivo tar el contenido ya venga listo para ser ejecutado sin tener que compilar e instalar el programa.</p><p>Para ello desde la ubicación donde se descomprimió, habrá que buscar el archivo binario con el nombre de la aplicación y bastara con ejecutarlo.</p>','<p>Existen diversas formas en las que un usuario de Linux puede instalar y ejecutar una aplicación, desde un repositorio hasta su...',2,5,'2018-04-25 22:19:35','2018-04-25 22:57:37','instalar-paqutes-tar-gz-y-tar-bz2','published'),(4,'Crear un lanzador en linux','<p>En ocasiones los desarrolladores de software suministran sus aplicaciones ya compiladas pero sin ningún script de instalación ni empaquetado.</p><p><span style=\"font-size: 1.22rem;\">Ante esta situación será posible ejecutar la aplicación desde terminal buscando la ubicación del archivo binario ejecutable (que usualmente es nombrado igual que la aplicación) y desde ahí ejecutarla con ese nombre o bien haciendo doble click sobre ella. Para cualquiera de los dos casos pudiera ser más practico crear un lanzador para poder acceder a dicha aplicación.</span></p><p><span style=\"font-size: 19.52px;\">Para realizar esta tarea basta con crear un archivo&nbsp; con terminación <strong>.desktop</strong> en alguna de las siguientes ubicaciones:</span></p><pre><code><span>~/.local/share/applications<br></span><span>/usr/share/applications</span></code></pre>\r\n<p>La primera ubicación te viene bien si lo que estas buscando es que el lanzador aparezca en el menú de aplicaciones del usuario local y la segunda, si por el contrario quieres que aparezca en el menú de aplicaciones de todos los usuarios.</p><p>Observa a continuación un ejemplo simple y básico de un archivo .desktop<br></p>\r\n<pre><code><span> [Desktop Entry]</span>\r\n<span>Type=Application</span>\r\n<span>Name=Nombre Aplicacion</span>\r\n<span>Exec=/usr/share/aplicacion/aplicacion</span>\r\n<span>Icon=MyIcono</span>\r\n<span>Comment=Comentario de app</span></code><pre></pre></pre>\r\n<p>La línea crucial del archivo es la llave Exec la cual contiene una línea de comando que consiste en un programa ejecutable opcionalmente seguido de uno o más argumentos. En otras palabras el path con la ruta donde se encuentra el ejecutable.&nbsp;Es algo obvio, pero por si no esta claro la clave Icon contiene la ruta absoluta o relativa al icono que se va a mostrar en el manejador de archivos, menús etc. La clave Name el nombre de la aplicación y la clave Comment una breve descripción o comentario que se muestra a manera de tooltip, se recomienda que su valor no sea redundante con el nombre. Son las entradas mínimas para que el archivo .desktop funcione, si deseas conocer más a detalle las especificaciones para archivos .desktop puedes visitar este <a href=\"https://specifications.freedesktop.org/desktop-entry-spec/desktop-entry-spec-latest.html\" target=\"_blank\">link</a></p><p>Observa el&nbsp; lanzador&nbsp;<strong> code.desktop</strong> de la aplicación Visual Studio Code.<br></p>\r\n<pre><code>\r\n<span>[Desktop Entry]</span>\r\n<span>Name=Visual Studio Code</span>\r\n<span>Comment=Code Editing. Redefined.</span>\r\n<span>GenericName=Text Editor</span>\r\n<span>Exec=/usr/share/code/code --unity-launch %F</span>\r\n<span>Icon=code</span>\r\n<span>Type=Application</span>\r\n<span>StartupNotify=true</span>\r\n<span>StartupWMClass=Code</span>\r\n<span>Categories=Utility;TextEditor;Development;IDE;</span>\r\n<span>MimeType=text/plain;inode/directory;</span>\r\n<span>Actions=new-empty-window;</span>\r\n<span>Keywords=vscode;</span><br>\r\n<span>X-Desktop-File-Install-Version=0.23</span><br>\r\n<span>[Desktop Action new-empty-window]</span>\r\n<span>Name=New Empty Window</span>\r\n<span>Exec=/usr/share/code/code --new-window %F</span>\r\n<span>Icon=code</span>\r\n\r\n</code></pre>\r\n<p>En <span class=\"c-o\">conclusión</span> hemos visto cuales son las entradas mínimas que un lanzador debe contener, vimos que un lanzador&nbsp; no es más que un archivo en formato .desktop&nbsp; el cual se encarga de especificar como una aplicación será lanzada, como aparece en un menú o gestor de archivos etc.&nbsp;</p><p>Es importante y nuca sobra saber que hay de tras, como funciona algo, como es que eso que parece magia deja de serlo y aparece el truco. <strong>Saber algo más siempre esta bien</strong>.</p>','<p>En ocasiones los desarrolladores de software suministran sus aplicaciones ya compiladas pero sin ningún script de instalación...',2,5,'2018-05-01 01:19:20','2018-05-01 02:19:11','crear-un-lanzador-en-linux','published'),(5,'¿Qué es HTML?','<p>Dejando de lado la definición técnica que puedes consultar en cualquier sitio encontrado en google, en este articulo abordaremos a grandes rasgos el aspecto mas básico de la web… el HTML.</p>\r\n<p>En un documento HTML se encuentra el contenido de una página web y la estructura que este contenido presenta. Por si solo HTML no es capas de brindar funcionalidad ni diseño para ello emplea distintas tecnologías que trataremos a su tiempo.</p>\r\n<p>La manera en que un documento HTML estructura su contenido es mediante etiquetas, por medio de las cuales el documento brinda la semántica para que el navegador web que es el encargado de mostrarlo sepa como hacerlo. Una etiqueta HTML es representada con con su nombre rodeada de corchetes angulares o parentesis angulares &lt; &gt; en su mayoría las etiquetas HTML cuentan con su etiqueta de apertura seguida de su contenido y al final su etiqueta de sierre.<br>\r\nObserva en el siguiente fragmento un ejemplo de una etiqueta.</p>\r\n<pre><code>\r\n <span> &lt; p &gt;</span><span>Este es el contenido de la etiqueta</span><span>&lt; /p &gt;</span>\r\n</code></pre>\r\n<p>En escencia esto es HTML texto estructurado en etiquetas para ser leido por el navegador web y este se lo muestre al usuario de la forma correcta. \r\nComo lo mencionamos anteriormente para lograr el contenido que vez en distintos sitios web es necesario el trabajo conjunto tanto de HTML como de otras tecnologías como CSS y JAVASCRIPT este tema lo ampliaremos en otro post, así como la estructura basica de un documento HTML y las etiquetas básicas de HTML.</p>','<p>Dejando de lado la definición técnica que puedes consultar en cualquier sitio encontrado en google, en este articulo abordaremos...',2,8,'2018-05-08 00:20:11','2018-06-01 02:10:17','que-es-html','published'),(6,'Estructura básica de un documento HTML','<p>Como ya hemos visto en una entrada anterior del que te dejo el<a href=\"http://gomez-site.mx/blog/que-es-html\" > enlace</a>, HTML&nbsp; es el estándar mediante el cual se estructura la web, que consiste básicamente en etiquetas ¿Pero cómo? Te preguntaras.</p><p>Para dejar esa cuestión&nbsp; en claro en esta entrada veremos&nbsp; &nbsp;las etiquetas básicas que un documento HTML debe contener y una breve descripción de cada una de ellas.<br></p><br>\r\n<pre><code>\r\n&lt;!DOCTYPE&nbsp;html&gt;\r\n&lt;html&gt;\r\n &lt;head&gt;\r\n &lt;title&gt;Mi Titulo&lt;/title&gt;\r\n &lt;/head&gt;\r\n &lt;body&gt;\r\n\r\n &lt;h1&gt;Mi encabezado&lt;/h1&gt;\r\n &lt;p&gt;Este es un parrafo.&lt;/p&gt;\r\n\r\n &lt;/body&gt;\r\n&lt;/html&gt;\r\n</code>\r\n</pre>\r\n<p>Antes de pasar a la descripción&nbsp; de cada etiqueta es importante mencionar&nbsp; &nbsp;que para escribir contenido HTML no es necesario software especial, bastara con un editor de texto plano como pudiera ser bloc de notas notepad o similares (aunque en la actualidad existen diversas opciones muy buenas en cuanto a software que te agilizan el proceso de codificación), dicho lo anterior unicamente bastara guardar el documento con extensión HTML y tan tan.<br></p><p>Volviendo a las etiquetas la primer etiqueta que encontramos; la etiqueta doctype <strong class=\"c-o\">&lt;!DOCTYPE html&gt;</strong> define el tipo de documento, que en este caso es un documento HTML5.<br></p><p>La etiqueta <strong class=\"c-o\">&lt; html&gt;</strong> es la etiqueta raíz de todo el documento, es el elemento padre del resto de elementos dentro del documento.<br></p><p>Dentro de la etiqueta <strong class=\"c-o\">&lt;head&gt;</strong> se definen las etiquetas con información de la página, la etiqueta del titulo, las etiquetas meta etc. También contiene los enlaces hacia la hoja de estilos y scripts empleados en la página, aunque esto ultimo ya no es recomendable incluirlos aquí.<br></p><p><strong class=\"c-o\">&lt;title&gt;</strong> etiqueta que especifica el titulo del documento, que es el texto que se muestra en la pestaña de la pagina en el navegador.</p><p><strong class=\"c-o\">&lt;body&gt;</strong> como su nombre lo indica es el cuerpo del documento, contiene los elementos visibles del documento párrafos, etiquetas contenedoras, enlaces etc.<br></p><p>La etiqueta <strong class=\"c-o\">&lt;!DOCTYPE h1&gt;</strong> define un&nbsp; encabezado dentro de la etiqueta body.<br></p><p><strong class=\"c-o\">&lt;p&gt;</strong> establece un párrafo dentro del documento.<br></p><p>Este es un ejemplo muy básico de un documento HTML, es solo para ejemplificar la estructura mínima que el propio documento pudiera necesitar, es obvio que una pagina más elaborada contendrá una mayor cantidad de elementos pero a grandes rasgos esta es la base del documento.<br></p>','<p>Como ya hemos visto en una entrada anterior del que te dejo el<a href=\"http://gomez-site.mx/blog/que-es-html\" > enlace</a>, HTML&nbsp;...',2,8,'2018-05-09 05:10:40','2018-07-31 07:00:29','estructura-basica-de-un-documento-html','published'),(7,'Meta tags y meta tag viewport','<p>Continuando con los artículos sobre html toca en esta ocasión hablar un poco sobre las etiquetas meta.<br></p><p>Las etiquetas meta dentro de un documento html se encuentran dentro de la etiqueta head, contienen información sobre la página html (autor del documento, palabras claves que pudiera utilizar el motor de búsqueda a la hora de indexar contenido), información que no es mostrada pero es empleada tanto por el navegador como por los motores de búsqueda ala hora de indexar los sitios web.<br></p><p>Las meta etiquetas por lo general están presentes en atributos pares nombre/valor<br></p><br>\r\n<pre><code> &lt;meta name=\"description\" content=\"Aquí la descripción\"&gt; </code></pre>\r\n<p>Los atributos para la etiqueta meta son los siguientes...<br></p><p><span><strong class=\"c-o\">content</strong> establece el contenido de la etiqueta y lógicamente cambiara dependiendo del atributo name.</span><br><span><strong class=\"c-o\">charset</strong> establece la codificación del documento html.</span><br><span><strong class=\"c-o\">name&nbsp;</strong>establece el nombre del matadato contenido en la etiqueta su valor pueden ser...</span><br></p><ul><li><strong >aplication-name&nbsp;</strong><span >especifica el nombre de la aplicación web.</span><br></li><li><strong >author&nbsp;</strong><span >el nombre de quien desarrolla la página.</span><br></li><li><strong style>description&nbsp;</strong><span >provee una breve descripción sobre el documento html.</span><br></li><li><strong>keywords</strong><span > contiene palabras claves para la indexacion del documento en buscadores, aunque en la actualidad esta en duda si los buscadores la siguen usando</span><br></li><li><strong >viewport&nbsp;</strong><span >permite configurar el área visible de la página web, todo esto enfocado al diseño responsivo, es decir; brinda instrucciones al navegador sobre como debe controlar las dimensiones de la página y su escalabilidad.</span><br></li></ul>\r\n\r\n<p>Aquí un pequeño ejemplo<p>\r\n<pre>\r\n<code>\r\n&lt;head&gt;\r\n &lt;meta charset=\"UTF-8\"&gt;\r\n &lt;meta name=\"description\" content=\"Ejemplo etiquetas meta\"&gt;\r\n &lt;meta name=\"keywords\" content=\"keywords,tag,HTML\"&gt;\r\n &lt;meta name=\"author\" content=\"Victor Gomez\"&gt;\r\n &lt;meta name=\"viewport\" content=\"width=device-width, initial-scale=1.0\"&gt;\r\n&lt;/head&gt;\r\n</code>\r\n</pre>\r\n<h4>Hablemos un poco de la meta etiqueta viewport</h4>\r\n<p>El viewport es toda la parte visible de una pagina web y obviamente es mas pequeña enla pantalla de un dispositivo movil que en la pantalla de una computadora de escritorio. </p>\r\n<p>La etiqueta viewport provee la posibilidad de adaptar el contenido de la página web a pantallas de dispositivos móviles. Establece que se ocupara todo el ancho de la pantalla para evitar que al escalarse la página para ser vista en un dispositivo móvil su contenido aparezca de tamaño diminuto. </p>\r\n<p>Por ejemplo, veamos en la siguiente imágen como se visualiza un sitio con la meta etiqueta viewport (fig.2) y uno sin la etiqueta (fig.2) en un dispositivo móvil.</p>\r\n<p style=\'text-align:center;\'><img class=\'img-fluid\' src=\"/images/articles/generals/05-2018/generals_1527444655.png\" alt=\'visualización con y sin etiqueta viewport\'></p>','<p>Continuando con los artículos sobre html toca en esta ocasión hablar un poco sobre las etiquetas meta.<br></p><p>Las etiquetas...',2,8,'2018-05-25 01:20:40','2018-06-01 00:14:39','meta-tags-y-meta-tag-viewport','published'),(8,'¿Qué es CSS?','<p>\r\nCSS hojas de estilo en cascada por sus siglas en ingles, es la forma en la que se le puede dar estilo a los elementos de un documento html, permite separar el contenido del diseño. Mediante css es posible dar diseño a los elementos de un documento html es decir color de la fuente, tamaño de la fuente, color de fondo etc. Disposición de los elementos, de que manera se van a mostrar respecto al resto de elementos.\r\n</p>\r\n\r\n\r\n<h4 class=\'c-o\'>¿Cómo funciona CSS?</h4>\r\n<p>CSS funciona a partir de reglas aplicadas a elementos html mediante selectores, dentro de estas reglas están definidas las propiedades y el valor que el elemento seleccionado deberá cumplir.\r\nVeamos en la siguiente figura un ejemplo de una regla css.</p>\r\n<pre>\r\n<code>\r\n <span style=\"background-color:#ccc; padding:3px; \">h1</span>{\r\n <span style=\'background-color:#cda; padding:9px;\'><span style=\'background-color:#23aa;padding:3px;\'>color</span>:<span style=\'padding:3px;background-color:#dca\'>#cda</span>;</span> \r\n }\r\n</code>\r\n</pre>\r\n<p>\r\nComo vemos una regla css está contenida dentro de las llaves {} la regla anterior será aplicada a todos los elementos h1 mediante este selector<span style=\"background-color:#ccc; padding:1px 3px; \"> h1 </span><br>Dentro de esta regla existe una declaración <span style=\'background-color:#cda; padding:1px 3px;\'><span style=\'padding:1px 3px;\'>color</span>:<span style=\'padding:1px 3px;\'>#cda</span>;</span> que establece que efecto tendrá la declaración dentro de la regla.<br>En la parte más interna de la regla encontramos la propiedad <span style=\'background-color:#23aa;padding: 1px 3px;\'>color</span> y el valor <span style=\'padding:1px 3px;background-color:#dca\'>#cda</span> que serán afectados en esta declaración.\r\n</p>\r\n<pre><code>\r\n p{\r\n margin:1rem;\r\n padding:1rem;\r\n font-family:tahoma;\r\n color:black;\r\n }\r\n</code></pre>\r\n<p>En resumen las reglas css están contenidad entre las llaves {} que contienen las declaraciones que afectarán al elemento seleccionado, dichas declaraciones estan separadas por un punto y coma ; Dentro de las declaraciones se encuentra la propiedad y el valor los cuales deben ser delimitados con el signo de dos puntos : al final la propiedad y su valor serán los que determinaran que atributo del elemento seleccionado será afectado.</p>\r\n<h4 class=\'c-o\'>¿Cómo se implementa CSS?</h4>\r\n<p>Hay tres opciones de agregar estilo con CSS a un documento HTML...</p>\r\n<h5 class=\'c-o\'>Opción 1 etiqueta link</h5>\r\n<p>En una hoja de estilos externa vinculada dentro de la etiqueta head mediante el tag link veamos...</p>\r\n<pre><code>\r\n&lt;!DOCTYPE html&gt;\r\n&lt;html&gt;\r\n&lt;head&gt;\r\n &lt;title&gt;Título&lt;/title&gt;\r\n <span style=\'background-color:#cda\'>&lt;link rel=\"stylesheet\" type=\"text/css\" href=\"http://gomez-site.mx/css/style.css\" /&gt;</span>\r\n&lt;/head&gt;\r\n&lt;body&gt;\r\n &lt;h1&gt;Ejemplos&lt;/h1&gt;\r\n&lt;/body&gt;\r\n&lt;/html&gt;\r\n</code></pre>\r\n<p>Mediante la etiqueta link se vincula la hoja de estilos en la que se cargan todos los estilos necesarios de la página (es importante mensionar que la hoja de estilos debe tener una extension .css), indicandole en la propiedad href la ubicación de esa hoja de estilos.</p>\r\n<h5 class=\'c-o\'>Opción 2 etiqueta style</h5>\r\n<p>Haciendo uso de la etiqueta style, dentro de ella se incluirán todos los estilos para el documento, de igual manera que la opción anterior esta se agregará dentro de la etiqueta head veamos el ejemplo. </p>\r\n<pre><code>\r\n&lt;!DOCTYPE html&gt;\r\n&lt;html&gt;\r\n&lt;head&gt;\r\n &lt;title&gt;Título&lt;/title&gt;\r\n <span style=\'color:#aaa\'>\r\n &lt;style&gt;\r\n body {\r\n padding-left: 11em;\r\n font-family: Georgia, \"Times New Roman\", serif;\r\n color: red;\r\n background-color: #d8da3d; \r\n }\r\n \r\n h1 {\r\n font-family: Helvetica, Geneva, Arial, sans-serif;\r\n }\r\n &lt;/style&gt;\r\n </span>\r\n&lt;/head&gt;\r\n&lt;body&gt;\r\n &lt;h1&gt;Ejemplos&lt;/h1&gt;\r\n&lt;/body&gt;\r\n&lt;/html&gt;\r\n</code></pre>\r\n<h5 class=\'c-o\'>Opción 3 propiedad style</h5>\r\n<p>Haciendo uso de la propiedad style de cada elemento al que se le pretenda dar estilo en particular.</p>\r\n<pre><code>\r\n&lt;!DOCTYPE html&gt;\r\n&lt;html&gt;\r\n&lt;head&gt;\r\n &lt;title&gt;Título&lt;/title&gt;\r\n&lt;/head&gt;\r\n&lt;body&gt;\r\n &lt; h1 <span style=\'background-color:#cda\'>style=\"padding:1px;color:red;\"</span>&gt;Ejemplos&lt;/h1&gt;\r\n&lt;/body&gt;\r\n&lt;/html&gt;\r\n</code></pre>\r\n<p>Hasta aquí hemos visto ¿qué es css? y como implementarlo, en otras entradas profundizaremos sobre css aspectos básicos sobre css, selectores etc.</p>','<p> CSS hojas de estilo en cascada por sus siglas en ingles, es la forma en la que se le puede dar estilo a los elementos de un documento...',2,8,'2018-05-30 00:00:58','2018-06-01 00:12:06','que-es-css','published'),(10,'Editor vi','<p>El editor vi es un editor multipropósito presente en casi todos los sistemas Unix, puede ser ejecutado en cualquier tipo de terminal debido a que no depende de las teclas de dirección ni teclas de función, utiliza las teclas alfabéticas estándar para sus comandos. Vi es un editor de texto, no es un procesador de textos por lo cuál con vi podrás agregar texto, eliminarlo o modificarlo pero no podrás darle formato&nbsp; &nbsp; &nbsp;es decir&nbsp; no se podrá centrar texto aplicarle sangría o cualquier otra opción que te brinda un procesador de textos.</p><p>Debido a los puntos mencionados anteriormente es importante tener nociones sobre la manipulación del editor vi, debido a que en ocasiones es necesario meterle mano a máquinas de manera remota que no precisamente son administradas por nosotros, por esa razón no sabremos si podremos contar con nuestro editor de textos favorito pero existe una alta probabilidad de que el editor vi este presente.<br></p><br>\r\n<h4>¿Cómo iniciar el editor vi?</h4>\r\n<p>Desde terminal únicamente es necesario iniciar el comando vi seguido del nombre del archivo o la ruta hacia el archivo en caso de que ya exista.</p>\r\n<pre><code><span> vi archivo</span></code></pre><p>En caso de que el archivo no exista o no se encuentre en la ubicación el editor vi se abrirá con un archivo en blanco con el nombre indicado.<br> Aprovechemos para ver la pantalla de edición de vi.</p>\r\n<style>\r\n .window{\r\n padding:2px;\r\n background-color:black;\r\n color:blue;\r\n }\r\n .window p{\r\n line-height:1px;\r\n font-size:20px;\r\n }\r\n .cursor{\r\n display:block;\r\n width:12px;\r\n height:17px;\r\n background: green;\r\n }\r\n .window .state-line{\r\n color: white;\r\n font-family: sans-serif;\r\n }\r\n</style>\r\n\r\n<div class=\'window\'>\r\n <span class=\'cursor\'></span>\r\n <p>~</p>\r\n <p>~</p>\r\n <p>~</p>\r\n <p>~</p>\r\n <p>~</p>\r\n <p>~</p>\r\n <p>~</p>\r\n <p>~</p>\r\n <p>~</p>\r\n <p>~</p>\r\n <p>~</p>\r\n <p>~</p>\r\n <p>~</p>\r\n <p>~</p>\r\n <p>~</p>\r\n <span class=\'state-line\'>\"archivo\" [New File]</span> \r\n</div>\r\n\r\n<p>En la parte superior izquierda de la pantalla aparece el cursor ( <span class=\'cursor\' style=\'display:inline-block\'></span> ), las tildes horizontales (<span style=\'color:blue\'>~</span>) indican los espacios en blanco y en la parte inferior aparece la línea de estado en la cual se muestra el nombre del archivo y el numero de líneas y caracteres del mismo. Cuando se crea un nuevo archivo como en el ejemplo la línea de estado muestra que es un nuevo archivo.</p>\r\n<h4>Modos en el editor vi</h4>\r\n<p>Existen dos modos en el editor vi el modo de edición y el modo comando, el modo de edición permite ingresar texto modificarlo o eliminarlo dentro del archivo mientras que el modo de comando es empleado para ingresar comandos específicos para cumplir las funciones que el propio editor brinda.</p>\r\n<p>Al entrar al editor vi, este siempre se encontrará en el modo comando, para poder ingresar texto será necesario ingresar el comando i para insertar texto en la posición actual del cursor, para regresar al modo comando bastara con presionar la tecla Escape.</p>\r\n<p>Cuando es uno nuevo con el editor vi, es fácil confundirse con estos dos modos, saber si sé está en el modo de edición o el modo comandos, es recomendable ante la duda presionar la tecla de escape para asegurarse que sé está en modo comando y continuar.</p> \r\n<h4>Terminar con el editor vi</h4>\r\n<p>En este punto es importante mencionar que el editor vi no realiza los cambios directamente sobre el archivo, se realizan sobre una copia que el editor crea en un espacio de memoria temporal (buffer), el archivo será modificado hasta que se realicen los cambios en el archivo temporal creado en el buffer, por este motivo es recomendadle guardar cambios periódicamente al estar trabajando con un archivo para evitar perdida de contenido no guardado y con mayor razón si sé está trabajando de manera remota.</p>\r\n<p>Si no se han realizado cambio en el archivo, bastara con ingresar el comando...</p>\r\n<pre><code>:q</code></pre>\r\n<p>Para salir y descartar los cambios hechos...</p>\r\n<pre><code>:q!</code></pre>\r\n<p>Guaradar cambios sin salir...</p>\r\n<pre><code>:w</code></pre>\r\n<p>Salir y guardar cambios...</p>\r\n<pre><code>:wq</code></pre>\r\n<p>Esto es lo primero que hay que saber sobre el editor vi, posteriormente veremos algunos otros comandos útiles en el editor.</p>','<p>El editor vi es un editor multipropósito presente en casi todos los sistemas Unix, puede ser ejecutado en cualquier tipo de terminal...',2,5,'2018-06-18 01:55:08','2018-06-18 03:11:02','editor-vi','published'),(11,'Editor vi','<p>El editor vi es un editor multipropósito presente en casi todos los sistemas Unix, puede ser ejecutado en cualquier tipo de terminal debido a que no depende de las teclas de dirección ni teclas de función, utiliza las teclas alfabéticas estándar para sus comandos. Vi es un editor de texto, no es un procesador de textos por lo cuál con vi podrás agregar texto, eliminarlo o modificarlo pero no podrás darle formato&nbsp; &nbsp; &nbsp;es decir&nbsp; no se podrá centrar texto aplicarle sangría o cualquier otra opción que te brinda un procesador de textos.</p><p>Debido a los puntos mencionados anteriormente es importante tener nociones sobre la manipulación del editor vi, debido a que en ocasiones es necesario meterle mano a máquinas de manera remota que no precisamente son administradas por nosotros, por esa razón no sabremos si podremos contar con nuestro editor de textos favorito pero existe una alta probabilidad de que el editor vi este presente.<br></p><br>\r\n<h4>¿Cómo iniciar el editor vi?</h4>\r\n<p>Desde terminal únicamente es necesario iniciar el comando vi seguido del nombre del archivo o la ruta hacia el archivo en caso de que ya exista.</p>\r\n<pre><code><span> vi archivo</span></code></pre><p>En caso de que el archivo no exista o no se encuentre en la ubicación el editor vi se abrirá con un archivo en blanco con el nombre indicado.<br> Aprovechemos para ver la pantalla de edición de vi.</p>\r\n<style>\r\n	.window{\r\n		padding:2px;\r\n		background-color:black;\r\n		color:blue;\r\n	}\r\n	.window p{\r\n		line-height:1px;\r\n		font-size:20px;\r\n	}\r\n	 .cursor{\r\n		display:block;\r\n		width:12px;\r\n		height:17px;\r\n		background: green;\r\n	}\r\n	.window .state-line{\r\n		color: white;\r\n		font-family: sans-serif;\r\n	}\r\n</style>\r\n\r\n<div class=\'window\'>\r\n	<span class=\'cursor\'></span>\r\n	<p>~</p>\r\n	<p>~</p>\r\n	<p>~</p>\r\n	<p>~</p>\r\n	<p>~</p>\r\n	<p>~</p>\r\n	<p>~</p>\r\n	<p>~</p>\r\n	<p>~</p>\r\n	<p>~</p>\r\n	<p>~</p>\r\n	<p>~</p>\r\n	<p>~</p>\r\n	<p>~</p>\r\n	<p>~</p>\r\n	<span class=\'state-line\'>\"archivo\"  [New File]</span>	\r\n</div>\r\n\r\n<p>En la parte superior izquierda de la pantalla aparece el cursor ( <span class=\'cursor\' style=\'display:inline-block\'></span> ), las tildes horizontales (<span style=\'color:blue\'>~</span>) indican los espacios en blanco y en la parte inferior aparece la línea de estado en la cual se muestra el nombre del archivo y el numero de líneas y caracteres del mismo. Cuando se crea un nuevo archivo como en el ejemplo la línea de estado muestra que es un nuevo archivo.</p>\r\n<h4>Modos en el  editor vi</h4>\r\n<p>Existen dos modos en el editor vi el modo de edición y el modo comando, el modo de edición permite ingresar texto modificarlo o eliminarlo dentro del archivo mientras que el modo de comando es empleado para ingresar comandos específicos para cumplir las funciones que el propio editor brinda.</p>\r\n<p>Al entrar al editor vi, este siempre se encontrará en el modo comando, para poder ingresar texto será necesario ingresar el comando i para insertar texto en la posición actual del cursor, para regresar al modo comando bastara con presionar la tecla Escape.</p>\r\n<p>Cuando es uno nuevo con el editor vi, es fácil confundirse con estos dos modos, saber si sé está en el modo de edición o el modo comandos, es recomendable ante la duda presionar la tecla de escape para asegurarse que sé está en modo comando y continuar.</p> \r\n<h4>Terminar con el editor vi</h4>\r\n<p>En este punto es importante mencionar que el editor vi no realiza los cambios directamente sobre el archivo, se realizan sobre una copia que el editor crea en un espacio de memoria temporal (buffer), el archivo será modificado hasta que se realicen los cambios en el archivo temporal creado en el buffer, por este motivo es recomendadle guardar cambios periódicamente al estar trabajando con un archivo para evitar perdida de contenido no guardado y con mayor razón si sé está trabajando de manera remota.</p>\r\n<p>Si no se han realizado cambio en el archivo, bastara con ingresar el comando...</p>\r\n<pre><code>:q</code></pre>\r\n<p>Para salir y descartar los cambios hechos...</p>\r\n<pre><code>:q!</code></pre>\r\n<p>Guaradar cambios sin salir...</p>\r\n<pre><code>:w</code></pre>\r\n<p>Salir y guardar cambios...</p>\r\n<pre><code>:wq</code></pre>\r\n<p>Esto es lo primero que hay que saber sobre el editor vi, posteriormente veremos algunos otros comandos útiles en el editor.</p>','<p>El editor vi es un editor multipropósito presente en casi todos los sistemas Unix, puede ser ejecutado en cualquier tipo de terminal...',2,5,'2018-06-18 01:55:08','2018-06-18 03:11:02','editor-vi','published'),(12,'Selectores css descendientes y hermanos','<p>Antes de entrar de lleno en el tema veamos rápidamente a que nos referimos cuando decimos descendencia.La descendencia en css se refiere al nivel en que se encuentra un elemento HTML con respecto a otro. Por ejemplo dentro de un documento html el nivel más alto lo tiene la etiqueta body o html, partiendo de ahí los elementos que se encuentren un nivel más abajo son denominados hijos. Veamos el siguiente fragmento de código.</p>\r\n<pre><code>\r\n &lt;body&gt;\r\n &lt;section id=\'hijo-body\'&gt;\r\n &lt;p&gt;Ejemplo de descendencia&lt;/p&gt;\r\n &lt;span&gt;Fragmento de texto&lt;/span&gt;\r\n &lt;ul&gt;\r\n &lt;li&gt;Elemento 1\r\n &lt;li&gt;Elemento 2\r\n &lt;/ul&gt;\r\n &lt;/section&gt;\r\n &lt;footer&gt;Pie de página&lt;/footer&gt;\r\n &lt;/body&gt;\r\n</code></pre> \r\n<p>Analizando la estructura que tienen los elementos html notamos que...</p>\r\n<ul>\r\n<li><p>El elemento body es padre del elemento section y del elemento footer más no de los elementos p ni span.</p></li>\r\n<li><p>El elemento padre de los elementos p y span es section por lo tanto los elementos p y span son hermanos ya que están al mismo nivel uno del otro.</p></li>\r\n<li><p>Los elementos footer y section son hermanos.</p></li></ul>\r\n<p>Es importante notar la diferencia entre hijos y descendentes.<br>\r\nDentro del elemento section...</p>\r\n<ul>\r\n<li><p>Sus hijos son los elementos que se encuentran un nivel directamente debajo de el mismo elemento section.</p></li>\r\n<li><p>Sus descendientes son todos los elementos que se encuentran dentro del elemento section sean los mismos hijos o los hijos de los hijos etc. En el ejemplo los elementos li ya no son hijos del elemento section pero si son descendientes ya que son hijos de un hijo, que es el elemento ul.</p></li></ul>\r\n<p>Veamos ahora si los selectores</p>\r\n\r\n<h4>Selector descendente </h4>\r\n<p>elemento elemento</p>\r\n<p>Selecciona cualquier elemento que sea descendente de otro elemento padre...</p>\r\n\r\n<pre><code> \r\n section p{\r\n padding : 1rem;\r\n }\r\n</code></pre>\r\n\r\n<p>En el ejemplo anterior la regla css se aplica a todos los elementos p que desciendan de un elemento section.<7>\r\n\r\n<h4>Selector hijo </h4>\r\n<p>elemento > elemento</p>\r\n<p>Este selector es parecido al anterior solo que este selecciona a cualquier elemento que sea hijo directo de un elemento padre, no va más allá del primer nivel dentro del elemento.</p>\r\n<pre><code> \r\n section > p{\r\n padding : 1rem;\r\n }\r\n</code></pre>\r\n\r\n<h4>Selector de hermano proximo</h4>\r\n<p>elemento + elemento</p>\r\n<p>Permite seleccionar un elemento específico que esta inmediatamente después de otro elemento dado siempre y cuando estén al mismo nivel, es decir que sean hermanos.</p>\r\n<pre><code> \r\n p + p{\r\n color:red;\r\n }\r\n</code></pre>\r\n\r\n\r\n<h4>Selector de hermano cualquiera</h4>\r\n<p>elemento ~ elemento</p>\r\n<p>Es similar al anterior, la diferencia esta en que con este selector no necesariamente el elemento dado tiene que ser el próximo inmediato puede haber entre ellos uno o más elementos, pero mientras sean hermanos y se encuentre después y no antes el selector será aplicado.</p>\r\n\r\n<pre><code> \r\n p ~ p{\r\n color:red;\r\n }\r\n</code></pre>\r\n\r\n<p>Consideremos el siguiente fragmento de código</p>\r\n\r\n<pre><code>\r\n &lt;div&gt;\r\n &lt;h2&gt;Titulo&lt;/h2&gt;\r\n &lt;p&gt;Parrafo 1&lt;/p&gt; \r\n &lt;span&gt;Texto cualquiera&lt;/span&gt;\r\n &lt;p&gt;Parrafo 2&lt;/p&gt;\r\n &lt;p&gt;Último parrafo&lt;/p&gt; \r\n &lt;/div&gt;\r\n &lt;p&gt;Parrafo 3&lt;/p&gt;\r\n</pre></code>\r\n\r\n<p>Al emplear el selector de hermano proximo p + p{} el elemento que se seleccionará...</p>\r\n<pre><code>\r\n &lt;p>Último parrafo&lt;/p>\r\n</code></pre>\r\n\r\n<p>Al emplear el selector de hermano cualquiera p ~ p{} los elementos seleccionados serán... </p>\r\n<pre><code>\r\n &lt;p>Parrafo 2&lt;/p>\r\n &lt;p>Último parrafo&lt;/p>\r\n</code></pre>\r\n<p>Hemos visto solamente el aspecto más básico de estos selectores, por supuesto se pueden hacer tantas combinaciones sean necesarias, con selectores de clase, de id etc.</p>','<p>Antes de entrar de lleno en el tema veamos rápidamente a que nos referimos cuando decimos descendencia.La descendencia en css...',2,8,'2018-06-21 05:50:52','2018-06-21 06:23:38','selectores-css-descendientes-y-hermanos','published'),(13,'Cortar, copiar y pegar texto con el editor vi','<p>Es común al estar trabajando con un archivo de texto la necesidad de manipular secciones de texto (cortar, copiar y/o pegar), con un editor gráfico la tarea se reduce a las socorridas combinaciones de teclas ctrl+c y ctrl+v, pero la cosa se complica cuando se trata del editor vi.<br>\r\nComo ya vimos en una entrada anterior sobre como iniciar con el editor vi, continuaremos con la manipulación de texto con este editor; Iniciemos con ver como desplasar el cursor  dentro de un archivo.</p>\r\n<h4>Desplazamiento del cursor en el editor vi</h4>\r\n<p>En la siguiente figura vemos los comandos para el movimiento del cursor.</p>\r\n<p style=\"text-align: center;\"><img src=\"/images/articles/generals/06-2018/generals_1530219207.png\" alt=\"mover cursor en editor vi\"><br></p>\r\n\r\n<p>Una vez visto el movimiento del cursor veamos como trabajar con el texto dentro del editor.</p>\r\n\r\n<h4>Copiar texto con el editor vi</h4>\r\n\r\n<p>En el modo comando del editor, para copiar texto empleamos los siguientes comandos.<br>\r\nCopiar toda la línea donde se encuentra el cursor.</p>\r\n<pre><code>yy</code></pre>\r\n<p>Copiar n numero de líneas.</p>\r\n<pre><code>nyy</code></pre>\r\n<p>Por ejemplo para copiar 2 líneas a partir de donde está el cursor ingresariamos el comando...</p>\r\n<pre><code>2yy</code></pre>\r\n\r\n<h4>Cortar/borrar texto con el editor vi</h4>\r\n<p>Es importante decir que al borrar texto en el editor vi, el texto no es eliminado al momento, más bien es almacenado en un buffer temporal el cual mantiene su contenido hasta que se abandona el editor vi o se le agrega nuevo contenido; entonces al eliminar o cortar texto este se mantendrá en el buffer temporal hasta que se elimine más texto, por esta razón el comando eliminar funciona también para cortar texto para luego pegarlo en otro lugar del mismo documento.<br>\r\nDicho lo anterior veamos los comandos para borrar.</p>\r\n<p>Borrar carácter donde se encuentra el cursor.</p>\r\n<pre><code>x</code></pre>\r\n<p>Borrar toda la línea donde se encuentra el cursor.</p>\r\n<pre><code>dd</code></pre>\r\n<p>Borrar n cantidad de líneas a partir de donde se encuentra el cursor. </p>\r\n<pre><code>ndd</code></pre>\r\n<p>Por ejemplo borrar 3 líneas a partir de donde se encuentra el cursor. </p>\r\n<pre><code>3dd</code></pre>\r\n<p>Borrar desde donde se encuentra el cursor hasta el final de la línea.</p>\r\n<pre><code>D</code></pre>\r\n<p>Borrar desde donde se encuentra el cursor hasta el final de la palabra.</p>\r\n<pre><code>dw</code></pre>\r\n\r\n<h4>Seleccionar texto en el editor vi</h4>\r\n<p>Para seleccionar texto se emplea el comando...</p>\r\n<pre><code>v</code></pre>\r\n<p>Seleccionar toda la linea donde se encuentra el cursor .</p>\r\n<pre><code>V</code></pre>\r\n<p>Entonces... Para hacer selección de texto será necesario posicionar el cursor al inicio del texto que se quiere seleccionar, ingresar el comando v y mover el cursor hasta el final del texto que se desea seleccionar.</p>\r\n\r\n<h4>Pegar texto en el editor vi</h4>\r\n<p>Pegar despues del cursor con el comando...</p>\r\n<pre><code>p</code></pre>\r\n<p>Pegar antes del cursor... </p>\r\n<pre><code>P</code></pre>\r\n\r\n<p>Esto es lo más básico con la manipulación de texto desde el modo comando en el editor vi, existen más opciones a la hora de copiar texto, pero a modo de inicio creo que hasta aquí es suficiente.</p>','<p>Es común al estar trabajando con un archivo de texto la necesidad de manipular secciones de texto (cortar, copiar y/o pegar),...',2,5,'2018-06-29 04:02:59','2018-06-29 04:41:40','cortar-copiar-y-pegar-texto-con-el-editor-vi','published'),(14,'Etiquetas semánticas HTML','<p>Es común encontrarse con el término <strong>semántica</strong> dentro de HTML pero... ¿Qué son las etiquetas semánticas? ¿Qué es la semántica? ¿Porqué debería importarme la semántica HTML? Para resolver estas cuestiones es necesario saber que es la semántica.</p>\r\n<p>Semántica se refiere a todo aquello que tiene que ver con el significado de una palabra u expresión. El correcto manejo semántico de una palabra se refiere a que debe existir una relación entre el uso que se le da a esta palabra, con el significado de ella misma.<br>\r\nPasando al terreno HTML, dentro de él existen etiquetas con significado semántico, etiquetas que por si mismas brindan un poco de información sobre que tipo de contenido hay dentro de ellas.</p>\r\n<p>Dicho lo anterior ahora ya podemos definir que es el etiquetado semántico HTML...<br> El correcto etiquetado del contenido, con los tags que brindan una descripción de lo que hay entre la etiqueta de apertura y la etiqueta de cierre del tag, permite dar información rápida sobre el contenido de cada etiqueta semántica, mediante el nombre de la propia etiqueta.</p>\r\n\r\n<h4>¿Porqué es importante el buen uso de las etiquetas semánticas dentro de HTML?</h4>\r\n<p>Podemos resumir su importancia en los siguientes puntos.</p>\r\n<ul><li><p>Permite una mejor legibilidad del contenido de un documento HTML, tanto para el desarrollador, como para un indexador de contenido.</p></li>\r\n<li><p>Al mejorar la legibilidad para los motores de búsqueda mejorará su posicionamiento.</p></li> \r\n<li><p>Permite el desarrollo de contenido escalable.</p></li>\r\n<li><p>Contenido ordenado y estructurado.</p></li></ul>\r\n\r\n<h4>¿Cómo hacer uso correcto de la semántica HTML?</h4>\r\n<p>Selecciona la etiqueta que describa el significado del contenido que deseas marcar, gracias a que existe una gran variedad de etiquetas para poder usar, esto no será muy complicado.<br>\r\nOtra cosa muy importante es separar el contenido del estilo, los estilos deben ir alojados en una documento CSS ajeno, pero vinculado al contenido HTML.</p>\r\n\r\n<p>Etiquetas no semánticas &lt;div&gt; y &lt;span&gt; No describen nada sobre su contenido.</p>\r\n<p>Etiquetas semánticas &lt;table&gt; y &lt;p&gt; Describen claramente su contenido.</p>\r\n\r\n<p><strong>Algunas etiquetas semánticas de siempre...</strong></p>\r\n<table class=\'col-12 border-top border-bottom\'>\r\n <thead>\r\n <tr>\r\n <th class=p-1>Etiqueta</th> \r\n <th class=p-1> Descripción</th>\r\n </tr>\r\n </thead>\r\n <tbody>\r\n <tr>\r\n <td class=p-3><p>p</p></td>\r\n <td ><p>Define un parrafo.</p></td>\r\n </tr>\r\n <tr>\r\n <td class=p-3><p>form</td>\r\n <td><p>Define un formulario.</p></td>\r\n </tr>\r\n <tr>\r\n <td class=p-3><p>table</p></td>\r\n <td ><p>Define una tabla.</p></td>\r\n </tr>\r\n <tr>\r\n <td class=p-3><p>style</p></td>\r\n <td><p>Define estilos para el documento.</p></td>\r\n </tr>\r\n </tbody>\r\n</table>\r\n\r\n<p><strong>Algunas de las nuevas etiquetas semánticas estructurales de HTML5...</strong></p>\r\n<table class=\'border-top border-bottom\'>\r\n <thead>\r\n <tr>\r\n <th class=p-1>Etiqueta</th> \r\n <th class=p-1> Descripción</th>\r\n </tr>\r\n </thead>\r\n <tbody>\r\n <tr>\r\n <td class=p-3><p>header</p></td>\r\n <td ><p>Define la típica sección de encabezado que normalmente contiene el logo y el menu de navegación .</p></td>\r\n </tr>\r\n <tr>\r\n <td class=p-3><p>nav</p></td>\r\n <td ><p>Elemento que contiene los lincks de navegación.</p></td>\r\n </tr>\r\n <tr>\r\n <td class=p-3><p>section</p></td>\r\n <td ><p>Define una sección en concreto del documento.</p></td>\r\n </tr>\r\n <tr>\r\n <td class=p-3><p>footer</td>\r\n <td ><p>Define el píe de página de un documento o seccón.</p></td>\r\n </tr>\r\n <tr>\r\n <td class=p-3><p>main</td>\r\n <td><p>Define el contenido principal de un documento.</p></td>\r\n </tr>\r\n <tr>\r\n <td class=p-3><p>aside</p></td>\r\n <td><p>Define contenido relacionado con el contenido principal, pero que no forma parte de manera relevante para él.</p></td>\r\n </tr>\r\n </tbody>\r\n</table>\r\n<br><p>El motivo del porque las nuevas etiquetas semánticas de estructura nacieron fue por el excesivo uso de la etiqueta div en el maquetado del layout en los sitios web; El contenedor de la cabecera del sitio... Un div con la clase o id \'header\'; El contenedor de la sección de navegación... Un div con la clase \'nav\'; El contenedor principal... Un div con la clase \'main\'... El pie de página ... ¡Si! un div con la clase o id \'footer\'.<br>\r\nA partir de aquí fue que se crearon estas etiquetas, para de cierta forma darle una estructura más legible a un documento HTML, tanto para un humano como para una máquina.</p>','<p>Es común encontrarse con el término <strong>semántica</strong> dentro de HTML pero... ¿Qué son las etiquetas semánticas?...',2,8,'2018-07-05 06:15:25','2018-07-06 06:01:21','etiquetas-semanticas-html','published'),(15,'Cascada y herencia en CSS','<p>Existen dos términos importantes para comprender como es que&nbsp; trabaja realmente el lenguaje CSS... Herencia y cascada.</p>\r\n<p>Al aplicar estilo a un documento HTML llegará el momento en que varias reglas definidas afectaran al mismo elemento <strong>¿Qué regla será aplicada?</strong> Otro caso se presenta cuando al querer aplicar estilos a un elemento específico, dicho elemento no refleja los estilos plasmados en la regla CSS <strong>¿Porqué pasa esto?</strong> <strong>¿Porqué no muestra el estilo que le estoy aplicando?</strong> Es normal&nbsp; que estos detalles al iniciar con el lenguaje de estilos CSS nos desconcierten.</p>\r\n<p>Para comprender el porque del comportamiento CSS, veamos los dos fundamentos básicos que nos ayudarán a despejar muchas dudas y lograr un código CSS más pulcro y funcional.</p>\r\n<h4> Cascada</h4>\r\n<p>Con solo ver el nombre del lenguaje CSS (Hojas de estilo en cascada), puede uno darse cuenta que el término cascada es algo importante para el lenguaje. El concepto cascada en CSS se refiere a que los estilos serán aplicados a los elementos html conforme el orden en el que se encuentren de forma descendente dentro de la hoja de estilos; Es decir que la declaración de la ultima regla será tomada en cuenta por sobre las anteriores en caso de afectar a un mismo elemento.</p>\r\n<p>Dentro de la cascada hay tres factores determinantes para establecer que regla será aplicada a un elemento en caso de que dos o más declaraciones intenten afectar a dicho elemento.</p>\r\n\r\n<h5>!important;</h5>\r\n<p>Esta regla CSS se asegura de que la declaración de estilo que la contenga, se anteponga a las anteriores sin importar la especificidad o el orden en que se encuentre el código.<br>\r\nVeamos el siguiente ejemplo; En una hoja de estilos encontramos el siguiente fragmento de código aplicado a un mismo elemento html, un párrafo.</p>\r\n<p><code>\r\n</code></p><pre><code> p{\r\n color: blue!important;\r\n }\r\n #paragraph{\r\n color: red; \r\n }\r\n</code></pre><p><code> \r\n</code></p>\r\n\r\n<p>Tomando en cuenta lo antes mencionado sobre la cascada y la especificidad (que veremos más adelante ), es obvio pensar que el estilo aplicado al párrafo sería el del selector id paragraph, pero gracias a la regla !importan la primer declaración del selector por etiqueta p sobresale de la otra. </p>\r\n<p><strong>Nota:</strong> es importante evitar esta regla a menos que sea estrictamente necesario, ya que el uso excesivo de dicha regla genera un código poco mantenible y a la larga genera problemas a la hora de aplicar estilo.<br> Haz uso de esta regla para sobrescribir código css externo de librerías o frameworks. </p>\r\n\r\n<h5>Especificidad</h5>\r\n<p>La especificidad se refiere a que tan específico es un selector a la hora de seleccionar algún elemento HTML, es decir que cantidad de elementos selecciona. Así por ejemplo los selectores de elementos es decir p,h1,div,li etc. son menos específicos que un selector de id que unicamente se puede aplicar a un solo elemento. </p>\r\n<p>Entonces veamos la siguiente lista con el nivel de especificidad por el tipo de selector partiendo del menos específico iniciando en 1, hasta el que lo es más.\r\n</p><ol>\r\n<li><p> Selectores por tipo [ h1, p, li, span ... ] y pseudo-elementos [ :after, :before ].</p></li>\r\n<li><p>Selectores de clase [ .paragraph ], pseudo-clases [ :hover, :target ...] y selectores de atributos [ [name=\'value\'], [type=\'hidden\'] ].</p></li>\r\n<li><p> Selectores de id [ #paragraph ].</p></li>\r\n<li><p>Regla declarada dentro del atributo style de un elemento HTML.</p></li>\r\n</ol>\r\n\r\n<h5>Orden del código</h5>\r\n<p>Si llegado hasta este punto el nivel de importancia y de especificidad para varios selectores es el mismo, el último factor para determinar cual selector sobresale del resto para ser aplicados sus estilo es el orden en que aparece en el código, las ultimas reglas declaradas sobresalen de las primeras.\r\n</p>\r\n<p>Después de haber visto los factores que influyen en la aplicación de estilos por cascada, es importante hacer mención de la posible combinación de reglas.Esto debido a que unas propiedades prevalecen sobre otras, más no reglas enteras prevalecen sobre las otras. Cuando dos o más reglas intentan aplicar estilo a un mismo elemento todas los estilos se aplican a él, para después evaluar los conflictos entre las propiedades y determinar que estilos prevalecen sobre otros.</p>\r\n\r\n\r\n\r\n<h4>Herancia</h4>\r\n<p>La herencia en CSS implica que algunos elementos heredan a sus hijos ciertas propiedades, pero no todas las propiedades son heredables. Esto es mas bien un tema de sentido común, porque por ejemplo tiene sentido que las propiedades font-family y color sean heredables pues permite establecer un estilo y color de fuente a la etiqueta html que es la raíz de todos los elementos, para después modificar esas propiedades a cada elemento dentro de html que lo requieran.</p><p><span style=\"font-size: 1.22rem;\">Para controlar la herencia de las propiedades que cuentan con ello, existen tres valores:</span><br></p><ul><li><strong style=\"font-size: 1.22rem;\">inherit</strong><span style=\"font-size: 1.22rem;\"> Establece el valor de la propiedad al mismo que su padre.</span><br></li><li><strong style=\"font-size: 1.22rem;\">initial</strong><span style=\"font-size: 1.22rem;\"> Establece el valor de la propiedad al valor de la hoja de estilos del navegador.</span><br></li><li><strong style=\"font-size: 1.22rem;\">unset</strong><span style=\"font-size: 1.22rem;\"> Este valor restablece la propiedad a su valor natural.</span><br></li></ul><p></p>\r\n<p>Es esencial comprender la cascada y sus factores para resolver los conflictos que se presentan a la hora de definir que estilos se aplican a cada elemento. Es confuso al principio pero conforme se avanza con CSS se despejan las dudas. <br> En un próximo artículo continuaremos el tema con ejemplos más prácticos.</p>','<p>Existen dos términos importantes para comprender como es que&nbsp; trabaja realmente el lenguaje CSS... Herencia y cascada.</p>...',2,8,'2018-07-14 04:52:00','2018-07-14 05:32:07','cascada-y-herencia-en-css','published'),(16,'Especificidad CSS','<p>La especificidad dentro de los estilos en cascada, hace referencia a que tan específico es un selector a la hora de aplicar las reglas CSS a un elemento HTML.</p>\r\n<p>Como vimos en un articulo anterior, la cascada va más allá de la aplicación de las reglas CSS por orden de aparición; engloba tres términos importantes para la resolución de conflictos a la hora de afectar a un mismo elemento... La excepción !important, la especificidad y el orden de aparición en el código.</p>\r\n<p>En esta entrada profundizaremos un poco más en el tema de la especificidad, ¿Cómo se calcula la especificidad? ¿Porqué es más aconsejable hacer uso de la especificidad sobre la clausula !important?</p><p>\r\nLa especificidad se calcula en base a cuatro elementos diferentes con la siguiente jerarquia...</p>\r\n \r\n<table>\r\n<tr><td><strong>1000 </strong></td><td><p class=\'m-0\'>&nbsp; para declaraciones dentro del atributo style de un elemento HTML.</p></td></tr>\r\n<tr><td><strong>100 </strong></td><td><p class=\'m-0\'>&nbsp; para cada declaracion de tipo id (#) contenida en el selector.</p></td></tr>\r\n<tr><td><strong>10 </strong></td><td><p class=\'m-0\'>&nbsp; para cada selector de clase [.] pseudo clases [:hover] y/o selectores de atributo (type=\'hidden\')].</p></td></tr>\r\n<tr><td><strong>1 </strong></td><td><p class=\'m-0\'>&nbsp; para cada selector de tipo (h1) o pseudo elemento (:after).</p></td></tr>\r\n \r\n</table>\r\n\r\n<p>Entonces visto lo anterior veamos el siguiente caso sencillo; imaginemos que tenemos un h1 como el siguiente...</p>\r\n\r\n<pre><code>\r\n &lt;h1 class=\"titles\" id=\"title\"&gt;Este es el titulo&lt;/h1&gt;\r\n</code></pre> \r\n\r\nY un código CSS como el siguiente\r\n\r\n<pre>\r\n <code>\r\n .titles{\r\n color: blue;\r\n }\r\n \r\n h1{\r\n color: red;\r\n }\r\n </code>\r\n</pre>\r\n\r\n<p>¿Qué regla será aplicada al elemento HTML? ¿Porqué? Por el orden del codigo podriamos pensar que la ultima regla declarada tendrá preferencia sobre l primera, pero recordemos que el orden del código es el último factor a tomar en cuenta, antes esta la especificidad... Entonces para responder esto veamos cuanto puntúa cada regla según la tabla de especificidad vista anteriormente. Para el primer caso, la regla que emplea un selector por clase puntúa 10, para el segundo caso la regla que emplea el selector por tipo puntúa 1. Por lo tanto los estilos aplicados en este caso serán los declarados en la regla con el selector por clase.</p>\r\n<p>Con este ejemplo sencillo vemos como es que se evaluan los conflictos que surgen en CSS sobre un mismo elemento. Pero veamos otro ejemplo para que quede más claro.</p><p>\r\nDejemos volar la imaginación y pensemos que tenemos un contenedor con un párrafo y un segmento de texto como el siguiente...</p>\r\n<pre>\r\n<code>\r\n&lt;div class=\'container\'&gt;\r\n &lt;p class=\'paragraph\'&gt;Este es un pequeño &lt;span class=\'text-resalt\' &gt;ejemplo&lt;/span&gt;&lt;/p&gt;\r\n&lt;/div&gt; \r\n</code>\r\n</pre>\r\n\r\n<p>Y el css...</p>\r\n\r\n<pre>\r\n<code>\r\n .container span.resalt-text{\r\n color: red;\r\n }\r\n \r\n .paragraph .resalt-text{\r\n color: darkblue;\r\n }\r\n</code>\r\n</pre>\r\n\r\n<p>En este caso los estilos que sobresalen son los de la primer regla ya que su especificidad suma 21 ya que tiene dos selectores de clase y uno de tipo; Mientras que para la segunda regla es de 20 dos selectores de clase.</p>\r\n<p>Es así como se determina el nivel de especificidad de los selectores para determinar que propiedades sobresalen de otras en las reglas CSS declaradas, es importante dominar perfectamente este termino para evitar caer en el mal uso de la clausula !mportant ya que dicha clausula es recomendable utilizarla como un último recurso.</p>','<p>La especificidad dentro de los estilos en cascada, hace referencia a que tan específico es un selector a la hora de aplicar las...',2,8,'2018-07-25 01:05:56','2018-07-25 03:33:48','especificidad-css','published'),(17,'Error 404 Gomez-Site','<p>El error 404 es un código de estado de una petición http en un  servidor, que indica que no ha sido posible acceder al recurso especificado.\r\n¿Quién no se ha topado con uno de estos mensajes al hacer click en un enlace?  Puede ser frustrante para el visitante de un sitio web  ver el típico\r\nmensaje de error 404 al tratar de acceder en un enlace expirado o al escribir mal una url.</p>\r\n<p>Es importante dentro de lo posible mantener nuestro sitio web sin enlaces rotos para evitar errores 404 ya que un sitio con numerosos enlaces rotos\r\ndenota un sitio descuidado y con poco mantenimiento, lo cual influye en un  posicionamiento negativo de los indexadores de contenido.</p>\r\n<p>Pero más allá de mantener tu sitio sin enlaces rotos pudiera darse el caso en que sea inevitable mostrar un mensaje de error 404 entonces que mejor que evitar el mensaje típico del servidor y mostrar un mensaje personalizado acorde con el diseño de nuestro sitio.<br>\r\nVeamos los siguientes casos como ejemplo.</p>\r\n<p>El mensaje común de error 404.</p>\r\n<p><img class=\'img-fluid\' src=\"/images/articles/generals/07-2018/generals_1532986858.jpg\" alt=\"Típico mensaje 404\"></p>\r\n<p>El mensaje de error en el framework  laravel por defecto </p>\r\n<p><img class=\'img-fluid\' src=\"/images/articles/generals/07-2018/generals_1532993471.jpg\" alt=\"mensaje de error 404 en laravel\">\r\n<p>Mensaje de error personalizado<p>\r\n<p><img class=\'img-fluid\' src=\"/images/articles/generals/07-2018/generals_1532987020.jpg\" alt=\"Mensaje de error 404 personalizado Gomez-Site\"></p>\r\n<p>Como vemos el mensaje de error personalizado de este blog, muestra un diseño más vistoso y amigable para el visitante, es un poco más descriptivo del porque sé está mostrando el error y da la opción de regresar al inicio, si bien no se pudo evitar el error se busca aminorar el sentimiento de\r\nfrustración del visitante.</p>\r\n<p>El diseño muestra una pequeña animación sencilla pero llamativa en las imágenes de los emojis como podemos ver a continuación...</p>\r\n<div class=\'text-center\'><embed src=\'http://gomez-site.mx/404\' width=\'370\' height=\'500\'></div>\r\n<p>La imagen es una imagen en formato svg mediante la cual se desarrolló la animación con CSS3,\r\n pero eso tal vez lo veamos en otro post.</p>\r\n<p>Como  pudimos apreciar existe una diferencia notable entre los tres casos presentados, tal vez es algo que suele pasar por alto para un pequeño sitio, pero para un sitio moderadamente más complejo como un blog, una tienda online etc. es algo que debería ser tomado en cuenta, ya que al contar con más enlaces la probabilidad de que exista un error es más grande.</p>','<p>El error 404 es un código de estado de una petición http en un servidor, que indica que no ha sido posible acceder al recurso...',2,4,'2018-07-31 05:57:08','2018-07-31 06:56:24','error-404-gomez-site','published'),(18,'Modelo de caja CSS','<p>\r\n El modelo de caja es una de las bases más importantes en CSS, ya que es el modelo en el cual se centra el diseño web.\r\n <br> Consiste en representar cada elemento como una caja rectangular que obtiene su cuerpo mediante algunas propiedades\r\n específicas, veamos la siguiente figura para ver esas propiedades.\r\n </p>\r\n <p class=\'text-center\'><img class=\"img-fluid\" src=\'/images/articles/generals/08-2018/generals_1533680281.png\'></p>\r\n \r\n <h4>Las propiedades del modelo de caja</h4>\r\n <p> A continuación mencionaremos las propiedades básicas que le dan forma a la caja rectangular que vimos anteriormente\r\n <br>\r\n <strong>width y height</strong> este par de propiedades establece el ancho y el alto de la caja respectivamente en donde será mostrado\r\n el contenido.\r\n <br>\r\n <strong>padding</strong> actúa como el margen contenido al interior de la caja entre el contenido y el borde.\r\n <br>\r\n <strong>margin</strong> al contrario de padding el margin se presenta como el espacio exterior de la caja, es decir, el espacio\r\n existente entre el borde de la caja y el borde de los elementos que pudieran aparecer en cualquiera de los cuatro lados\r\n de esta.<br>\r\n <strong>border</strong> el border es el espacio que rodea él limite de la caja, inicialmente presente con un ancho de cero e invisible,\r\n propiedades que desde luego pueden modificarse.\r\n </p>\r\n <p>Llegado a este punto es importante mencionar que las propiedades que mensionamos anteriormente (margin, padding width y height), se suman para dar el ancho y el alto\r\n real que tendrá la caja; Por ejemplo para un elemento con ancho y alto de 10 pixeles, un borde de 0 y un margin y un padding\r\n de 5 pixeles, su ancho total será de 30 pixeles al igual que su alto.\r\n </p>\r\n <h4>Propiedad box-sizing</h4>\r\n <p>\r\n Para modificar lo que acabamos de mencionar sobre el ancho y alto real que tomara un elemento al añadir margin y padding,\r\n existe la propiedad box-sizing la cual modifica las propiedades del modelo de caja y con su valor<strong> content-box</strong> por defecto modifica ancho y alto\r\n añadiendo los valores de margin y padding.\r\n <br>\r\n <strong>border-box</strong> mediante este valor el tamaño de la caja establecido se mantiene, es decir que el tamaño del padding\r\n y del border no serán sumados al tamaño total del elemento lo cual no hará crecer la caja más allá del tamaño especificado\r\n excluyendo el margin que ya no se añadirá al tamaño total de la caja.<br>\r\n <strong class=\'c-o\'>Ojo:</strong>Esto permite mantener el tamaño de la caja pero deja menos espacio para el contenido de la misma veamos el\r\n siguiente ejemplo.\r\n </p>\r\n <p>Tenemos un pequeño div con las siguientes propiedades HTML y CSS (vea que en el CSS cuenta con la propiedad \r\n box-sizing con el valor border-box). </p>\r\n<p>El html...</p>\r\n<pre>\r\n<code class=\'language-markup\'>\r\n&lt;div&gt\r\n A\r\n&lt;/div&gt\r\n</code>\r\n</pre>\r\n<p>Y el CSS...</p>\r\n<pre>\r\n<code class=\'language-css\'>\r\n div{\r\n width:30px;\r\n height:30px;\r\n border:5px solid #ccc;\r\n <i style=\"border:solid 1px red;\">box-sizing:border-box; </i>\r\n padding: 5px;\r\n margin:10px;\r\n background-color:#cda;\r\n }\r\n</code>\r\n</pre>\r\n <p>Con un resultado.</p><br>\r\n <div class=\"text-center\">\r\n <div class=\'m-auto\' style=\' \r\n width:30px;\r\n height:30px;\r\n border:5px solid #ccc;\r\n box-sizing:border-box;\r\n padding: 5px;\r\n margin:10px;\r\n background-color:#cda;\r\n \r\n \'>A</div>\r\n </div><br>\r\n\r\n<p> Y sí ahora a nuestro div le dejamos en la propiedad <strong>box-sizing</strong>\r\n el valor <strong>content-box</strong> que tráe por defecto, respetando el resto de las propiedades.</p>\r\n\r\n<pre class=\'lang-css\'>\r\n<code class=\'lang-css\'>\r\ndiv{\r\n width:30px;\r\n height:30px;\r\n border:5px solid #ccc;\r\n <i style=\"border:solid 1px red;\">box-sizing:content-box;</i>\r\n padding: 5px;\r\n margin:10px;\r\n background-color:#cda; \r\n}\r\n</code>\r\n</pre>\r\n<p>Y el resultado...</p>\r\n <div class=\"text-center\">\r\n <div class=\'m-auto\' style=\' \r\n width:30px;\r\n height:30px;\r\n border:5px solid #ccc;\r\n padding: 5px;\r\n margin:10px;\r\n box-sizing:content-box;\r\n background-color:#cda;\r\n \r\n \'>Más </div>\r\n </div>\r\n <p>Vemos que el tamaño del elemento crece solamente con cambiar el valor de la propiedad box-sizing, debido a la suma del valor de las propiedades antes mencionadas.</p>\r\n <h4>Disposición de las cajas</h4>\r\n <p>\r\n La disposición de las cajas en CSS se controla mediante la propiedad <strong>display</strong>, controla la forma en la que se\r\n presentará una caja con respecto a otras. En la actualidad existen una gran cantidad de valores para esta propiedad,\r\n pero aquí veremos los más básicos.<br>\r\n Cada elemento HTML tiene un valor display por defecto, pero como dijimos vamos a ver los básicos que son el valor block y el\r\n valor inline que es de donde parten el resto de valores.\r\n El valor <strong>block</strong> de la propiedad display dota al elemento de adoptar todo el ancho disponible aunque \r\n su contenido sea pequeño.<br>\r\n En cambio el valor <strong>inline</strong> únicamente toma el espacio que necesita su contenido, permitiendo una disposición más fluida.\r\n </p>\r\n <p>\r\n Como mencionamos, cada elemento tiene un valor display por defecto, por ejemplo los elementos de párrafo, artículos, contenedores\r\n div etc. tienen una disposición <strong>block</strong> por defecto y los elementos con una disposición inline son\r\n los elementos span, a, b etc.<br>\r\n Veamos en el siguiente ejemplo esto, notemos como se comportan tres etiquetas span y tres elementos p.\r\n </p>\r\n\r\n<div class=\'example\'>\r\n <style>\r\n div.example p,div.example span{margin:4px; border:solid #ea5106 1px; padding:2px;}\r\n </style>\r\n <span>span 1 </span>\r\n <span>span 2 </span>\r\n <span>span 3 </span>\r\n <p> p 1 </p>\r\n <p> p 2 </p>\r\n <p> p 3</p>\r\n</div>','<p> El modelo de caja es una de las bases más importantes en CSS, ya que es el modelo en el cual se centra el diseño web. <br> Consiste...',2,8,'2018-08-08 04:08:16','2018-08-08 06:38:51','modelo-de-caja-css','published'),(19,'Búsqueda y navegación en un fichero con editor vi','<p>Continuando con el editor vi, toca en esta entrada ver un poco más sobre la manipulación de ficheros con este editor. Moverse dentro del fichero y hacer búsqueda de texto en él, son operaciones básicas que deberíamos dominar, para ello continúa leyendo este post.</p><p><strong>Nota: </strong>recuerda que todo es desde el modo comando.</p>&nbsp;<br><h4>Moverse dentro del fichero</h4><h5>Desplazarse de carácter en carácter</h5><p>Sí el teclado cuenta con teclas de navegación es posible usarlas para navegar por el fichero.<br></p><p>Sí sé está empleando el editor vi de manera remota, las teclas de navegación pudieran no funcionar; Para dicho caso se emplean las siguientes teclas para navegación.<img src=\"/images/articles/generals/06-2018/generals_1530219207.png\" alt=\"\"></p><br>\r\n<h5>Desplazarnos palabra por palabra</h5><p>Pulsando la tecla <span class=\"btn btn-secondary\">w</span> nos movemos una palabra hacia adelante.</p><p>Pulsando la  tecla <span class=\"btn btn-secondary\">b</span> retrocederemos una palabra.</p>\r\n<h5>Desplazamiento dentro de una línea</h5>\r\n<p>Pulsando la tecla <span class=\"btn btn-secondary\">^</span> colocara el cursor al inicio de la línea en la que se encuentra el cursor.</p><p>La tecla <span class=\"btn btn-secondary\">$</span> desplazara el cursor al final de la línea actual.</p><p>Con la tecla <span class=\"btn btn-secondary\">enter</span> nos moverá el cursor al inicio de la línea siguiente.</p>\r\n<h5>Desplazarse a una línea específica</h5>\r\n<p>numeroDeLinea + <span class=\"btn btn-secondary\">shift</span> + <span class=\"btn btn-secondary\">g</span> por ejemplo para ir a la línea 26 bastara teclear </p>\r\n<pre>\r\n<code class=\'lang-vim\'>\r\n  26G\r\n</code>\r\n</pre>\r\n<h5>Desplazamiento dentro de pantalla</h5><p>Pulsando las teclas <span class=\"btn btn-secondary\">shift</span> + <span class=\"btn btn-secondary\">h</span> colocará el cursor al inicio de la pantalla</p><p>Las teclas <span class=\"btn btn-secondary\">shift</span> + <span class=\"btn btn-secondary\">m</span> desplazarán el cursor a la mitad de la pantalla.</p><p><span class=\"btn btn-secondary\">shift</span> + <span class=\"btn btn-secondary\">l</span> nos enviara al final de la pantalla.</p>\r\n<h5>Desplazamiento por pantallas</h5><p>Las teclas <span class=\"btn btn-secondary\">Ctrl</span> + <span class=\"btn btn-secondary\">f</span> avanzaremos una pantalla colocando el cursor en la parte superior izquierda de la nueva pantalla.</p><p><span class=\"btn btn-secondary\">Ctrl</span> + <span class=\"btn btn-secondary\">b</span>  retrocederemos una pantalla.</p>\r\n<h4>Búsqueda en editor vi</h4><p>Como todo editor de texto es posible realizar búsquedas de uno o más caracteres con el editor vi.</p>\r\n<p>Para realizar búsqueda de caracteres bastará con teclear la tecla de slash <span class=\"btn btn-secondary\">/</span> seguido de los caracteres a buscar.</p>\r\n<pre class=\'language-vim\'>\r\n<code class=\'language-vim\'>\r\n  /.btn\r\n</code>\r\n</pre>\r\n<p>El editor vi coloca el cursor en la primer ocurrencia, pulsando la tecla <span class=\"btn btn-secondary\">n</span> se irá a la siguiente y para ir a la anterior serán necesarias las teclas <span class=\"btn btn-secondary\">shift</span> + <span class=\"btn btn-secondary\">n</span>.</p>\r\n<p>Para realizar la búsqueda de donde está el cursor hacia atrás, bastara reemplazar la tecla de slash <span class=\"btn btn-secondary\">/</span> por <span class=\"btn btn-secondary\">?</span> y entonces el sentido de el desplazamiento de las ocurrencias se invierte.</p>\r\n<p>Al realizar la búsqueda el editor vi diferencia minúsculas de mayúsculas para evitar esto bastara con teclear </p>\r\n<pre class=\'lang-vim\'>\r\n<code class=\'lang-vim\'>\r\n  :set ic\r\n</code>\r\n</pre>\r\n\r\n<p> seguido de la tecla enter y después realizar su búsqueda.</p>\r\n<p>Para regresar a la configuración por defecto introducir el comando</p>\r\n<pre class=\'lang-vim\'>\r\n<code class=\'lang-vim\'>\r\n  :set noic\r\n</code>\r\n</pre>\r\n<p>\r\nExisten comandos para búsquedas mas avanzadas, pero por el momento esto es lo básico que necesitamos saber  para comenzar con la manipulación de ficheros con el editor vi.	\r\n</p>','<p>Continuando con el editor vi, toca en esta entrada ver un poco más sobre la manipulación de ficheros con este editor. Moverse...',2,5,'2018-09-26 03:02:38','2018-09-26 05:49:47','busqueda-y-navegacion-en-un-fichero-con-editor-vi','published'),(21,'Propiedad display en CSS','<p>Una de las propiedades más importantes&nbsp; a la hora de definir un layout es sin duda la propiedad display; Es por eso que en esta entrada profundizaremos un poco más sobre los tipos de display en CSS o lo que es lo mismo los diferentes valores que existen para la propiedad display.</p><p>La propiedad <strong>display</strong> define el tipo de caja que un elemento adoptará. Como vimos en una entrada anterior, algunos elementos por defecto están definidos con un tipo de display; Así por ejemplo el elemento <strong>&lt; div &gt;</strong>&nbsp; es un elemento contenedor definido con la propiedad display block por defecto, y un elemento <strong>&lt; span &gt;</strong> es definido en su propiedad display con un valor inline. A continuación veremos solo los valores más básicos de la propiedad display dejando para futuras entradas los valores más complejos.</p><br><br>\r\n<h4>Propiedad display none</h4><p>El atributo <strong>none</strong> en la propiedad display oculta el elemento, es decir que el elemento existe pero no es mostrado en el layout.<br>Es importante diferenciarlo de la propiedad <strong>visibility:hidden</strong>&nbsp; que únicamente oculta el elemento, pero este es dispuesto dentro del layout, dejando así un espacio sin ocupar donde el elemento esta alojado. En cambio la propiedad&nbsp;&nbsp;<strong>display:none</strong> aparte de ocultar el elemento visualmente, este no es dispuesto dentro del layout evitando así dejar el espacio del elemento sin ocupar.</p>\r\n<p>Veamos el siguiente ejemplo, en el que tenemos tres párrafos...</p>\r\n<pre class=\'lang-html\'>\r\n<code class=\'lang-html\'>\r\n &lt;p&gt;Parrafo 1&lt;/p&gt;\r\n &lt;p&gt;Parrafo 2&lt;/p&gt;\r\n &lt;p&gt;Parrafo 3&lt;/p&gt;\r\n</code>\r\n</pre>\r\n<p>Con el siguiente resultado...</p>\r\n\r\n<div class=\'code-result\'>\r\n <p>Parrafo 1</p>\r\n <p>Parrafo 2</p>\r\n <p>Parrafo 3</p>\r\n</div>\r\n\r\n<p>¿Y sí al párrafo dos le agregamos la propiedad visibility:hidden? </p>\r\n<pre class=\'lang-html\'>\r\n<code class=\'lang-html\'>\r\n &lt;p&gt;Parrafo 1&lt;/p&gt;\r\n &lt;p style=\'visibility:hidden\'&gt;Parrafo 2&lt;/p&gt;\r\n &lt;p&gt;Parrafo 3&lt;/p&gt;\r\n</code>\r\n</pre>\r\n<p>Veamos que pasa...</p>\r\n<div class=\'code-result\'>\r\n <p>Parrafo 1</p>\r\n <p style=\'visibility:hidden\'>Parrafo 2</p>\r\n <p>Parrafo 3</p>\r\n</div>\r\n\r\n<p>El párrafo dos no se muestra, pero ahí está su espacio.<br> Pero sí ahora en vez de visibility:hidden agregamos display:none...</p>\r\n<pre class=\'lang-html\'>\r\n<code class=\'lang-html\'>\r\n &lt;p&gt;Parrafo 1&lt;/p&gt;\r\n &lt;p style=\'display:none\'&gt;Parrafo 2&lt;/p&gt;\r\n &lt;p&gt;Parrafo 3&lt;/p&gt;\r\n</code>\r\n</pre>\r\n<p>El resultado...</p>\r\n<div class=\'code-result\'>\r\n <p>Parrafo 1</p>\r\n <p style=\'display:none\'>Parrafo 2</p>\r\n <p>Parrafo 3</p>\r\n</div>\r\n<p>El párrafo dos tampoco se muestra, pero como podemos ver no hay espacio en blanco donde se supone que debería estar el elemento. Esto es simplemente porque el elemento existe, pero no está dispuesto donde debería estar, gracias a la propiedad display:none.</p>\r\n<h4>Propiedad display block</h4>\r\n<p>Para la propiedad display, el atributo <strong>block</strong> propicia que el elemento inicie en una nueva línea ocupando todo el espacio posible sin importar su contenido, ocupará todo el espacio, relegando al siguiente elemento al espacio en el cual termina el elemento con el atributo block.</p>\r\n<h4>Propiedad display inline</h4>\r\n<p>Con el atributo inline de la propiedad display, un elemento ocupa solo el espacio que su contenido requiere, permitiendo el flujo del resto de elementos en la misma línea, en caso de que el resto de elementos sean similares. Por su calidad de elemento inline, a dicho elemento no es posible atribuirle valores de width y height, ni margenes verticales por lo mencionado anteriormente que solo toma el espacio que su contenido necesita.</p>\r\n<h4>Propiedad display inline-block</h4>\r\n<p>Este atributo como puede deducirse, es una combinación entre los tipos de display block e inline. Así pues un elemento inline-block fluirá con el texto y el resto de elementos, siempre y cuando estos otros lo permitan, respetando el ancho, alto y margenes verticales que hayan&nbsp; sido definidas para el elemento.</p>\r\n<p>Veamos de forma práctica lo antes mencionado. Recordemos que un elemento párrafo (&lt;p&gt;), por defecto está definido como un elemento de bloque (propiedad display:block), entonces supongamos que tenemos un fragmento de código con tres párrafos como el siguiente.</p>\r\n<pre class=\'lang-html\'>\r\n<code class=\'lang-html\'>\r\n &lt;p&gt;Parrafo 1&lt;/p&gt;\r\n &lt;p&gt;Parrafo 2&lt;/p&gt;\r\n &lt;p&gt;Parrafo 3&lt;/p&gt;\r\n</code>\r\n</pre>\r\n<p>El resultado sería el siguiente...</p>\r\n<div class=\'code-result\'>\r\n <p>Parrafo 1</p>\r\n <p>Parrafo 2</p>\r\n <p>Parrafo 3</p>\r\n</div>\r\n<p>Vemos lo antes dicho, sin necesidad de especificar la propiedad display:block el párrafo ya contiene esa propiedad, ocupando todo el espacio aunque su contenido no lo requiera, provocando que el siguiente párrafo se desplace a la siguiente línea.</p>\r\n<p>Y sí a estos elementos le agregamos la propiedad display:inline-block...</p>\r\n<pre class=\'lang-html\'>\r\n<code class=\'lang-html\'>\r\n &lt;p style=\'display:inline-block\'&gt;Parrafo 1&lt;/p&gt;\r\n &lt;p style=\'display:inline-block\'&gt;Parrafo 2&lt;/p&gt;\r\n &lt;p style=\'display:inline-block\'&gt;Parrafo 3&lt;/p&gt;\r\n</code>\r\n</pre>\r\n<p>Esto es lo que pasa...</p>\r\n<div class=\'code-result\'>\r\n <p style=\'display:inline-block\'>Parrafo 1</p>\r\n <p style=\'display:inline-block\'>Parrafo 2</p>\r\n <p style=\'display:inline-block\'>Parrafo 3</p>\r\n</div>\r\n<p>Notamos que en un elemento de bloque, cuando se le asigna la propiedad inline block, este, al no tener asignado un valor de ancho y alto, únicamente tomará el espacio que necesite su contenido. <br>Ahora veamos que pasa con los elementos inline. Tenemos tres elementos span...</p>\r\n<pre>\r\n<code class=\'lang-html\'>\r\n &lt;span&gt;span 1&lt;/span&gt;\r\n &lt;span&gt;span 2&lt;/span&gt;\r\n &lt;span&gt;span 3&lt;/span&gt;\r\n</code>\r\n</pre>\r\n<p>Con un pequeño código css como el siguiente, en el cual le añadimos un color de fondo, un ancho y un alto.</p>\r\n<pre class=\'lang-css\'>\r\n<code class=\'lang-css\'>\r\n span{\r\n background-color:#ccc;\r\n width: 40px;\r\n height:40px;\r\n }\r\n</code>\r\n</pre>\r\n<p>Y el resultado...</p>\r\n<style>.code-result span{background-color:#ccc; width: 40px;height:40px;}</style>\r\n<div class=\'code-result\'>\r\n <span >span 1</span>\r\n <span>span 2</span>\r\n <span>span 3</span>\r\n</div>\r\n<p>\r\nVemos que aunque los elementos span tienen definido un valor de ancho y de alto, este, no es asignado al elemento, debido a la propiedad\r\n <strong>display:inline</strong>.\r\n<br>Pero si ahora a esos elementos span le agregamos la propiedad display:inline-block;</p>\r\n<pre class=\'lang-css\'>\r\n<code class=\'lang-css\'>\r\n span{\r\n background-color:#ccc;\r\n width: 40px;\r\n height:40px;\r\n display:inline-block;/*Añadimos la propiedad*/\r\n }\r\n</code>\r\n</pre>\r\n<p>Pasa esto...</p>\r\n<style>.code-result span{background-color:#ccc; width: 50px;height:40px;}</style>\r\n<div class=\'code-result\'>\r\n <span style=\'display:inline-block;\'>span 1</span>\r\n <span style=\'display:inline-block;\'>span 2</span>\r\n <span style=\'display:inline-block;\'>span 3</span>\r\n</div>\r\n<p>Lo que pasa es lo que mencionamos anteriormente, la propiedad display inline-block es una mezcla entre inline y block, en este caso, como ahora tiene la propiedad inline-block y se ha definido un valor de ancho y de alto, estos valores y serán asignados a los elementos.</p>\r\n<p>Por el momento aquí termina el post, pero en post futuros veremos otros atributos para la propiedad display, además de profundizar en el atributo <strong>inline-block</strong>.</p>','<p>Una de las propiedades más importantes&nbsp; a la hora de definir un layout es sin duda la propiedad display; Es por eso que en...',2,8,'2018-10-12 22:11:54','2018-10-13 23:52:51','propiedad-display-en-css','published'),(22,'Editor vim y su vimrc','<p>El editor vim (vi improved) es un editor de textos de código abierto y configurable basado en el editor vi.</p><p>Como su nombre lo indica, agrega mejoras sustanciales a la interfaz de vi; Por lo tanto lo que funciona en vi funcionará en vim, entonces,&nbsp; lo visto en posts anteriores sobre el <a href=\"http://gomez-site.mx/blog/editor-vi\" title=\"editor vi\">editor vi</a>&nbsp;es perfectamente aplicable en el editor vim.<br></p><p>En entradas anteriores vimos las principales características del editor vi y dado que el editor vim está basado en él, sobra volver a mencionar esas características. El editor de textos vim pretende ser un editor eficiente y brinda un extenso sistema de complementos que permiten personalizar completamente el editor, para lenguajes específicos, colores para su sintaxis, espacios en la tabulación ,&nbsp; a la hora de indentar&nbsp; etc.</p><br><br><h4>vimrc</h4><p>El archivo <strong>.vimrc </strong>aloja la configuración personalizada del usuario, contiene todas las características mediante las cuales el editor ha de mostrar un archivo.&nbsp; Toda esta configuración es plasmada en el vimrc mediante comandos que el editor interpreta a la hora de ser ejecutado y mostrar un archivo.</p><br><h4>Ubicación del vimrc</h4><p>Para cargar la configuración de tu vim de manera local, únicamente para el usuario activo basta con crear el archivo .vimrc en el directorio local del usuario. Recordemos que en linux el directorio local del usuario es representado con el símbolo <strong>~</strong> entonces para crear el archivo vimrc bastará el siguiente comando con el editor vim.</p>\r\n<pre class=\"lang-powershell\"><code class=\"lang-powershell\">\r\n  vim ~/.vimrc\r\n</code>\r\n</pre>\r\n<p>Con esto, el editor vim creará el archivo .vimrc en la ubicación local del usuario (en caso de que no exista, si ya existe el archivo, el editor&nbsp; lo abrirá). Y por ejemplo algunos comandos que el archivo pudiera contener son los siguientes.</p>\r\n<pre style=\"background:#2E2E2B\"><code class=\"\">\r\n  <span style=\"color:#4CD4ED\">\" Enable syntax highlighting</span>\r\n  <span style=\"color:#F8DA67\">syntax</span><span style=\"color:#3480D6\"> enable</span>\r\n  <span style=\"color:#4CD4ED\">\" Auto indentado</span>\r\n  <span style=\"color:#F8DA67\">set </span><span style=\"color:#3480D6\">ai</span>\r\n  <span style=\"color:#4CD4ED\">\"Pequeña indentación</span> \r\n  <span style=\"color:#F8DA67\">set</span> <span style=\"color:#3480D6\">si</span> \r\n  <span style=\"color:#4CD4ED\">\"Envovlver líneas</span>\r\n  <span style=\"color:#F8DA67\">set</span><span style=\"color:#3480D6\"> wrap </span>\r\n  <span style=\"color:#4CD4ED\">\"Establecer numero de línea</span>\r\n  <span style=\"color:#F8DA67\">set</span><span style=\"color:#3480D6\"> number</span> \r\n</code>\r\n</pre>\r\n<p>Son solo una pequeña muestra de los comandos que puede contener un archivo vimrc, pero es posible agregar tambien pequeños scripts, cargar plugins etc. <br> Es por eso que los defensores de vim creen que es más que un editor de código.</p>','<p>El editor vim (vi improved) es un editor de textos de código abierto y configurable basado en el editor vi.</p><p>Como su nombre...',2,5,'2018-10-19 03:58:23','2018-10-19 07:00:34','editor-vim-y-su-vimrc','published'),(23,'Sencillo menu responsive','<p>Un menú de navegación con diseño responsive o adaptable, adémas de contener los enlaces de navegación, permite un diseño fluido que se adapta a las diferentes dimensiones de los dispositivos que visualizan su contenido.</p>\r\n<p>En este post crearemos un sencillo menu responsive&nbsp; con CSS y flexbox, HTML y un poco de Javascript. Existen miles de maneras de hacerlo, esta será solo una, pero puede servir como base para crear un menu más vistoso, con más items, con dropdowns etc.&nbsp;&nbsp;</p>\r\n<p>Empecemos por ver la estructura HTML.</p>\r\n<pre class=\'lang-html\'>\r\n<code class=\'lang-html\'>\r\n&lt;!DOCTYPE html&gt;\r\n&lt;html lang=\"es\"&gt;\r\n&lt;head&gt;\r\n &lt;meta charset=\"UTF-8\"&gt;\r\n &lt;meta name=\"viewport\" content=\"width=device-width, initial-scale=1.0\"&gt;\r\n &lt;link href=\"https://fonts.googleapis.com/css?family=Lato:300,400\" rel=\"stylesheet\"&gt;\r\n &lt;link rel=\"stylesheet\" href=\"style.css\" /&gt;\r\n &lt;title&gt;Menu Responsivo&lt;/title&gt;\r\n&lt;/head&gt;\r\n&lt;body&gt;\r\n &lt;header&gt;\r\n &lt;div class=\"logo\"&gt;\r\n &lt;img src=\"logo.svg\" alt=\"Page Logo\"&gt;\r\n &lt;/div&gt;\r\n &lt;div class=\"menu\"&gt;\r\n &lt;span class=\"menu-btn\"&gt;Menu&lt;/span&gt;\r\n &lt;div class=\"menu-container\"&gt;\r\n &lt;ul class=\"nav\"&gt;\r\n &lt;li class=\"nav-item\"&gt;\r\n &lt;a href=\"#\" class=\"nav-link\"&gt;Inicio&lt;/a&gt;\r\n &lt;/li&gt;\r\n &lt;li class=\"nav-item\"&gt;\r\n &lt;a href=\"#\" class=\"nav-link\"&gt;Acerca de&lt;/a&gt;\r\n &lt;/li&gt;\r\n &lt;li class=\"nav-item\"&gt;\r\n &lt;a href=\"#\" class=\"nav-link\"&gt;Servicios&lt;/a&gt;\r\n &lt;/li&gt;\r\n &lt;li class=\"nav-item\"&gt;\r\n &lt;a href=\"#\" class=\"nav-link\"&gt;Contacto&lt;/a&gt;\r\n &lt;/li&gt;\r\n &lt;/ul&gt;\r\n &lt;/div&gt;\r\n &lt;/div&gt;\r\n &lt;/header&gt;\r\n &lt;h1&gt;Menu Responsivo&lt;/h1&gt;\r\n&lt;/body&gt;\r\n&lt;script&gt;\r\n var menu = document.querySelector(\'.menu-container\')\r\n document.querySelector(\'.menu-btn\').addEventListener(\'click\', function(){\r\n this.innerHTML = (this.innerHTML === \'Menu\')? \'&lt;-return\' : \'Menu\'\r\n this.classList.toggle(\'anim-btn\')\r\n menu.classList.toggle(\'show\')\r\n })\r\n&lt;/script&gt;\r\n&lt;/html&gt;</code></pre>\r\n<p>Repacemos rápidamente el código.<br> No olvidemos colocar la meta etiqueta <strong>viewport</strong>, la cual nos permitirá optimizar la vista\r\nde la página en dispositivos móviles.</p>\r\n<pre class=\'lang-html\'><code class=\'lang-html\'>\r\n &lt;meta name=\"viewport\" content=\"width=device-width, initial-scale=1.0\"&gt;\r\n</code></pre>\r\n<p>Es importante colocar el código CSS en una página externa, para evitar hacer muy extenso el código en una sola página. Dicho esto enlazaremos el código CSS en nuestro HTML, junto con la fuente para el tipo de letra desde <a href=\'https://fonts.google.com\' target=\'_blank\'>Google Fonts</a>.</p>\r\n<pre class=\'lang-html\'><code class=\'lang-html\'>\r\n &lt;link href=\"https://fonts.googleapis.com/css?family=Lato:300,400\" rel=\"stylesheet\"&gt;\r\n &lt;link rel=\"stylesheet\" href=\"style.css\" /&gt;\r\n</code></pre>\r\n<p>En este ejemplo encontraremos una disposición típica, un <strong>header</strong> que contendrá dos elementos div, uno para el logo con una etiqueta de imagen y el otro contendrá los elementos\r\n necesarios en el menu. Esta de más decir que esta sera la parte crucial de nuestro código HTML.</p>\r\n<pre class=\'lang-html\'><code class=\'lang-html\'>\r\n&lt;header&gt;\r\n &lt;div class=\"logo\"&gt;\r\n &lt;img src=\"logo.svg\" alt=\'Page Logo\'&gt;\r\n &lt;/div&gt;\r\n &lt;div class=\"menu\"&gt;&lt;/div&gt;\r\n&lt;/header&gt;\r\n</code></pre>\r\n<p>Dentro del div con la clase menu, que contendrá los elementos de nuestro menu responsive, tenemos un span que tendrá la función de botón, para cuando nuestro menu sea\r\ndispuesto en un dispositivo móvil; Junto con un elemento div que servirá como contenedor del menu, sus items y sus links.</p>\r\n<pre class=\'lang-html\'><code class=\'html\'>\r\n &lt;div class=\"menu\"&gt;\r\n &lt;span class=\"menu-btn\"&gt;Menu&lt;/span&gt;\r\n &lt;div class=\"menu-container\"&gt;\r\n &lt;ul class=\"nav\"&gt;\r\n &lt;li class=\"nav-item\"&gt;\r\n &lt;a href=\"#\" class=\"nav-link\"&gt;Inicio&lt;/a&gt;\r\n &lt;/li&gt;\r\n &lt;li class=\"nav-item\"&gt;\r\n &lt;a href=\"#\" class=\"nav-link\"&gt;Acerca de&lt;/a&gt;\r\n &lt;/li&gt;\r\n &lt;li class=\"nav-item\"&gt;\r\n &lt;a href=\"#\" class=\"nav-link\"&gt;Servicios&lt;/a&gt;\r\n &lt;/li&gt;\r\n &lt;li class=\"nav-item\"&gt;\r\n &lt;a href=\"#\" class=\"nav-link\"&gt;Contacto&lt;/a&gt;\r\n &lt;/li&gt;\r\n &lt;/ul&gt;\r\n &lt;/div&gt;\r\n &lt;/div&gt;\r\n</code></pre>\r\n<p>Para terminar con el código html, tenemos un elemento h1, pero solo como elemento de complemento, no tiene ninguna funcionalidad en el menu.<br> Veamos ahora el código\r\nCSS completo.</p>\r\n<pre class=\'lang-css\'><code class=\'lang-css\'>\r\n*, *:after, *:before{\r\n padding: 0;\r\n margin: 0;\r\n}\r\n\r\nhtml,body{\r\n font-size: 16px;\r\n font-family: \'lato\';\r\n background-color: #fff;\r\n}\r\n\r\n.nav, header ,h1{\r\n display: flex;\r\n align-items: center;\r\n justify-content: center;\r\n}\r\n.menu-btn, .nav-link{\r\n color: white;\r\n}\r\n\r\nheader, .menu-container{\r\n background-color: #ea5106;\r\n}\r\n\r\n.menu-btn{\r\n border: solid .1rem #fff;\r\n padding: .5rem;\r\n transition: all .3s ease;\r\n cursor: pointer;\r\n}\r\n.menu-btn.anim-btn{\r\n padding: .4rem;\r\n}\r\n\r\nheader{\r\n justify-content: space-around;\r\n}\r\n\r\n.logo img{\r\n width: 80px;\r\n}\r\n\r\n.nav{\r\n flex-direction: column;\r\n}\r\n\r\n.nav-item{\r\n list-style: none;\r\n padding: 1rem;\r\n}\r\n\r\n.nav-link{\r\n text-decoration: none;\r\n font-size: 1.2rem;\r\n}\r\n\r\n.menu-container{\r\n position: absolute;\r\n left: -100%;\r\n width: 10%;\r\n height: 80vh;\r\n top: 80px;\r\n padding-top: 2rem;\r\n transition: all .7s ease-in-out;\r\n}\r\n\r\n.menu-container.show{\r\n left: 0;\r\n width: 100%;\r\n}\r\n\r\nh1{\r\n height: 70vh;\r\n}\r\n\r\n@media (min-width:768px){\r\n .menu-btn{\r\n display: none;\r\n }\r\n \r\n .menu-container{\r\n position: inherit;\r\n width: inherit;\r\n height: inherit;\r\n padding-top: 0;\r\n }\r\n \r\n .nav{\r\n flex-direction: row;\r\n }\r\n \r\n .nav-link{\r\n font-size: 1.2rem;\r\n font-weight: 400;\r\n }\r\n}\r\n</code></pre>\r\n<p>Ahora veamos de donde sale la magia en el CSS. <br>A nuestro header, a la lista desordenada y al elemento h1 en su propiedad display le asignamos el atributo flex.</p>\r\n<pre class=\'lang-css\'><code class=\'lang-css\'>\r\n.nav, header ,h1{\r\n display: flex;\r\n align-items: center;\r\n justify-content: center;\r\n}\r\n</code></pre>\r\n<p>Haciendo esto que los elementos se presenten como cajas flexibles, ocasionando que sus hijos se posicionen a todo el ancho de su padre. Las dos líneas restantes\r\nde esta regla alinean de manera horizontal y verticalmente al centro respectivamente.<br> Posteriormente para los elementos hijos del header se sobrescribirá la \r\npropiedad <strong >justify-content: center;</strong> por <strong>justify-content: space-around;</strong> con lo cual el espacio entre los elemento hijos de header, será\r\ndistribuido uniformemente entre ellos.</p>\r\n<pre class=\'lang-css\'><code class=\'lang-css\'>\r\nheader {\r\n justify-content: space-around;\r\n}\r\n</code></pre>\r\n<p>Para los elementos de nuestra lista (los cuales contendrán los enlaces del menu), será necesario mostrarlos en un inicio de manera vertical, para ello bastará\r\nagregar a nuestra lista la siguiente propiedad.</p>\r\n<pre class=\'lang-css\'><code class=\'lang-css\'>\r\n.nav{\r\n flex-direction: column;\r\n}\r\n</code></pre>\r\n<p>\r\nPara nuestro elemento contenedor del menu, aplicamos la siguiente regla.\r\n</p>\r\n<pre class=\'lang-css\'><code class=\'lang-css\'>\r\n.menu-container{\r\n position: absolute;\r\n left: -100%;\r\n width: 10%;\r\n height: 80vh;\r\n top: 80px;\r\n padding-top: 2rem;\r\n transition: all .7s ease-in-out;\r\n}\r\n</code></pre>\r\n<p>Plicamos una disposición absoluta, para desligarlo de su elemento contenedor, dado que en un principio no se visualizará lo colocamos a un 100% a la izquierda\r\ncon la propiedad <strong>left: -100%;</strong> y 80 pixeles con respecto al margen superior (para evitar que se encime con el header), con con un ancho del 10% y un\r\nalto de 80 porciento con respecto al viewport height; Para terminar agregamos un margen interno de 2rem y una propiedad de transición para el momento de mostrar el menu.</p>\r\n<p>Hasta este punto con las propiedades antes mostradas, el menu no se muestra en pantalla, la magia sucede cuando se pulsa el botón de menu, entonces se agregará una\r\nclase al elemento contenedor.<br>Veamos...</p>\r\n<pre class=\'lang-css\'><code class=\'lang-css\'>\r\n.menu-container.show{\r\n left: 0;\r\n width: 100%;\r\n}\r\n</code>\r\n</pre>\r\n<p>Al agregar la clase .show al contenedor, se sobrescriben las propiedades <strong>left: -100%; y width: 10%;</strong> por <strong>left: 0; y width: 100%; </strong>\r\nprovocando que el contenedor del menu se desplace de una zona no visible, al margen izquierdo de la pantalla y agrandando su tamaño al 100% por lo que se visualiza a pantalla completa.\r\n</p>\r\n\r\n<p>Recordemos que estamos empleando la técnica de first-mobile dando preferencia a dispositivos móviles, entonces estas reglas seran cargadas por al inicio, y al llegar \r\na dispositivos con un mayor tamaño, cargará las siguientes reglas y sobrescribirá las anteriores, gracias a las media queries de CSS.</p>\r\n<pre class=\'lang-css\'><code class=\'lang-css\'>\r\n@media (min-width:768px){\r\n .menu-btn{\r\n display: none;\r\n }\r\n \r\n .menu-container{\r\n position: inherit;\r\n width: inherit;\r\n height: inherit;\r\n padding-top: 0;\r\n }\r\n \r\n .nav{\r\n flex-direction: row;\r\n }\r\n \r\n .nav-link{\r\n font-size: 1.2rem;\r\n font-weight: 400;\r\n }\r\n}\r\n</code></pre>\r\n<p>\r\nComo lo mencionamos, las reglas anteriores serán cargadas solamente cuando el tamaño mínimo horizontal de la pantalla sea de 768 pixeles (es decir superior a 768 pixeles).\r\nPara iniciar ocultamos el botón del menu.\r\n</p>\r\n<pre class=\'lang-css\'><code class=\'lang-css\'>\r\n@media (min-width:768px){\r\n .menu-btn{\r\n display: none;\r\n }\r\n}\r\n</code></pre>\r\n<p>Al elemento contenedor del menu lo regresamos a su disposición natural, al igual que su ancho y alto además de quitarle el margen interior superior.</p>\r\n<pre class=\'lang-css\'><code class=\'lang-css\'>\r\n@media (min-width:768px){\r\n .menu-container{\r\n position: inherit;\r\n width: inherit;\r\n height: inherit;\r\n padding-top: 0;\r\n } \r\n}\r\n</code></pre>\r\n<p>Por último a los elementos de nuestra lista (links del menu) le regresamos su disposición horizontal.</p>\r\n<pre class=\'lang-css\'><code class=\'lang-css\'>\r\n@media (min-width:768px){\r\n .nav{\r\n flex-direction: row;\r\n } \r\n}\r\n</code></pre>\r\n<p>Para terminar veamos rápidamente el código Javascript, que en esta ocasión lo incluimos dentro del HTML para fines prácticos</p>\r\n<pre class=\'lang-javascript\'><code class=\'lang-javascript\'>\r\n var menu = document.querySelector(\'.menu-container\')\r\n document.querySelector(\'.menu-btn\').addEventListener(\'click\', function(){\r\n this.innerHTML = (this.innerHTML === \'Menu\')? \'<-return\' : \'Menu\'\r\n this.classList.toggle(\'anim-btn\')\r\n menu.classList.toggle(\'show\')\r\n })\r\n\r\n</code></pre>\r\n<p>En una variable llamada menu, guardamos el objeto que apunta a nuestro elemento contenedor del menu</p>\r\n<pre class=\'lang-javascript\'><code class=\'lang-javascript\'>\r\n var menu = document.querySelector(\'.menu-container\')\r\n</code></pre>\r\n<p>Seleccionamos nuestro botón del menu, meidante su clase, gracias el metodo addEventListener(), lo ligamos con el evento click y le asignamos una función. </p>\r\n<pre class=\'lang-javascript\'><code class=\'lang-javascript\'>\r\n document.querySelector(\'.menu-btn\').addEventListener(\'click\', function(){\r\n \r\n })\r\n</code></pre>\r\n<p>Dentro de la función del evento click si nuestro botón tiene como texto Menu entonces lo cambiamos por el de <-Return y viceversa.</p>\r\n<pre class=\'lang-javascript\'><code class=\'lang-javascript\'>\r\n document.querySelector(\'.menu-btn\').addEventListener(\'click\', function(){\r\n this.innerHTML = (this.innerHTML === \'Menu\')? \'<-return\' : \'Menu\'\r\n\r\n\r\n })\r\n</code></pre>\r\n<p>A nuestro botón le agregamos o quitamos una clase llamada anim-btn, que cumple la función de una pequeña animación...</p>\r\n<pre class=\'lang-javascript\'><code class=\'lang-javascript\'>\r\n document.querySelector(\'.menu-btn\').addEventListener(\'click\', function(){\r\n this.classList.toggle(\'anim-btn\')\r\n \r\n })\r\n</code></pre>\r\n<p>Para terminar agregamos o quitamos la clase que contiene las propiedades para mostrar el contenedor de nuestro menu...</p>\r\n<pre class=\'lang-javascript\'><code class=\'lang-javascript\'>\r\n document.querySelector(\'.menu-btn\').addEventListener(\'click\', function(){\r\n\r\n\r\n menu.classList.toggle(\'show\')\r\n })\r\n</code></pre>\r\n<p>Con esto terminamos nuestro ejemplo, únicamente detallamos aquí las secciones del código que le dan funcionalidad a nuestro\r\n ejemplo, el resto de código no lo mencionamos por brindar estilo, dando por sentado que es fmiliar para el lector.\r\n</p>','<p>Un menú de navegación con diseño responsive o adaptable, adémas de contener los enlaces de navegación, permite un diseño...',2,8,'2018-10-27 04:57:49','2018-10-29 06:33:10','sencillo-menu-responsive','published'),(24,'Añadiendo icono a nuestro boton de menu','<p>Retomando las entradas sobre nuestro sencillo menu responsive, en este post le agregaremos un pequeño icono al botón de menu. Para ello emplearemos <strong>HTML</strong> para crear la estructura de nuestro icono, <strong>CSS</strong> para darle una vista decente y <strong>Javascript</strong> para una sencilla animación. Trabajaremos sobre el código que vimos en un post anterior, si no lo has visto aquí esta el&nbsp;<a href=\"http://gomez-site.mx/blog/sencillo-menu-responsive\" title=\"link\" target=\"_blank\">link</a>&nbsp;.&nbsp;</p><p>Sí hacemos un poco de memoria, recordaremos que teníamos un span con la clase <strong>menu-btn</strong>, pues el span lo cambiaremos por un div,&nbsp; con la misma clase, este div será la caja de nuestro botón. Dentro del div con la clase menu-btn colocaremos otro div, con la clase <strong>icon</strong>&nbsp;que cumplirá la función de contenedor de nuestro icono y un elemento b que contendrá el texto <strong>Menu</strong> o <strong>Return </strong>según sea el caso. Tres elementos div con la clase <strong>item</strong> irán contenidos dentro de nuestro contenedor del icono. Quedando un código más o menos así...</p>\r\n<pre class=\'lang-html\'><code class=\'lang-html\'>\r\n&lt;div class=\"menu-btn\"&gt;\r\n &lt;div class=\"icon\"&gt;\r\n &lt;div class=\"item\"&gt;&lt;/div&gt;\r\n &lt;div class=\"item\"&gt;&lt;/div&gt;\r\n &lt;div class=\"item\"&gt;&lt;/div&gt;\r\n &lt;/div&gt;\r\n &lt;b&gt;Menu&lt;/b&gt;\r\n&lt;/div&gt;\r\n</code></pre>\r\n<p>\r\nDe lado de nuestro <strong> CSS </strong> comenzaremos por agregar el atributo flexbox a nuestro elemento contenedor del botón y al contenedor del icono de menu; Para eso, a la regla <strong> display: flex;</strong> le añadiremos las clases <strong>.menu-btn</strong> y <strong>.menu-btn .icon</strong> con un código como este...\r\n</p>\r\n<pre class=\'lang-css\'><code class=\'lang-css\'>\r\n.nav, header ,h1,.menu-btn, .menu-btn .icon{\r\n display: flex;\r\n}\r\n</code></pre>\r\n<p>\r\n<strong class=\'c-o\'>Nota: cuidado con los selectores</strong> en el código anterior. Nota que un selector es para la clase <strong>.menu-btn</strong> y\r\notro para <strong>.menu-btn .icon</strong> separados por una coma. \r\n</p>\r\n<p>Nuestro botón solo tendrá el borde derecho, ya no tendrá los cuatro bordes como anteriormente para ello únicamente cambiaremos la declaracion\r\n<strong>border: solid .1rem #fff;</strong> por <strong>border-right: solid .1rem #fff;</strong> de nuestro contenedor del botón quedando nuestra regla así...\r\n</p>\r\n<pre class=\'lang-css\'><code class=\'lang-css\'>\r\n.menu-btn{\r\n border-right: solid .1rem #fff;\r\n padding: .5rem;\r\n transition: all .3s ease;\r\n cursor: pointer;\r\n}\r\n</code></pre>\r\n<p>\r\nYa que al contenedor de nuestro icono le hemos agregado la propiedad flexbox resta agregar la propiedad <strong>flex-direction:column</strong> de flexbox para que sus elementos hijos se desplieguen en disposicion de columna (es decir de manera vertical), distribuimos el espacio entre ellos con la propiedad <strong>justify-content: space-around</strong> y hacemos que de manera horizontal se desplieguen al inicio de su contenedor con <strong>align-items: flex-start;</strong> y por último establecemos un ancho y un alto. \r\n</p>\r\n<pre class=\'lang-css\'><code class=\'lang-css\'>\r\n.menu-btn .icon{\r\n flex-direction: column;\r\n justify-content: space-around;\r\n align-items: flex-start;\r\n width: .5rem;\r\n height: 1.3rem;\r\n \r\n}\r\n</code></pre>\r\n<p>\r\nAgregamos estilo a los items de nuestro icono con el siguiente código. Nada extra normal, un color de fondo, ancho y alto, redondeamos los bordes para que sean circulares y agregamos la propiedad de transición que nos servirá para la animación.\r\n</p>\r\n<pre class=\'lang-css\'><code class=\'lang-css\'>\r\n.menu-btn .icon .item{\r\n background-color: #fff;\r\n width: .3rem;\r\n height: .3rem;\r\n border-radius: .15rem;\r\n transition: all .3s ease-in-out;\r\n}\r\n</code></pre>\r\n<p>\r\nA continuación agregamos la regla con los estilos para el momento en que nuestro icono tenga la clase return, que agregaremos o quitaremos con Javascript, la clase return únicamente tendrá una transformación de translación en el eje X de -.4rem. Veamos el trozo de código.\r\n<pre class=\'lang-css\'><code class=\'lang-css\'>\r\n.menu-btn .icon .item.return{\r\n transform: translateX(-.4rem) \r\n}\r\n</code></pre>\r\n<p>\r\nDel lado del Javascript haremos una pequeña modificación. Anteriormente seleccionábamos el elemento contenedor del botón mediante la clase <strong>.menu-btn</strong> para después modificar su texto con Menu o Return según fuera el caso, mediante la propiedad <strong>innerHTML</strong> con la siguiente línea.\r\n</p>\r\n<pre class=\'lang-javascript\'><code class=\'lang-javascript\'>\r\nthis.innerHTML = (this.innerHTML === \'Menu\')? \'<-return\' : \'Menu\'\r\n</code></pre>\r\n<p>Pues bien, la selección del contenedor del botón de menu sigue igual, pero ahora en vez de modificar el texto directamente del elemento contenedor, ahora seleccionaremos dentro de nuestro contenedor los elementos de etiqueta <strong>b</strong>, pero como sabemos que solo tenemos uno, lo seleccionaremos con la posición 0 y a él le modificaremos su texto <strong>Menu</strong> o <strong>Return</strong> con la siguiente línea...</p>\r\n<pre class=\'lang-javascript\'><code class=\'lang-javascript\'>\r\nthis.getElementsByTagName(\'b\')[0].innerHTML = (this.getElementsByTagName(\'b\')[0].innerHTML === \'Menu\')? \'Return\' : \'Menu\'\r\n</code></pre>\r\n<p>Ahora no resta más que agregar o quitar la clase return al segundo item de nuestro icono, para que cada vez que se haga click en el botón de menu, el segundo item se desplace a la izquierda si este se encuentra en su posición inicial, simulando una flecha apuntando hacía atrás, de lo contrario, si ya tiene la clase que desplaza el item, entonces quitar la clase return y hacer que el item regrese a su posición inicial. Esto lo hacemos con la siguiente línea...</p>\r\n<pre class=\'lang-javascript\'><code class=\'lang-javascript\'>\r\nthis.querySelectorAll(\'.icon .item\')[1].classList.toggle(\'return\')\r\n</code></pre>\r\n<p>Quedando nuestro código Javascript de la siguiente manera...</p>\r\n<pre class=\'lang-javascript\'><code class=\'lang-javascript\'>\r\n&lt;script&gt;\r\nvar menu = document.querySelector(\'.menu-container\')\r\ndocument.querySelector(\'.menu-btn\').addEventListener(\'click\', function(){\r\n this.getElementsByTagName(\'b\')[0].innerHTML = (this.getElementsByTagName(\'b\')[0].innerHTML === \'Menu\')? \'Return\' : \'Menu\'\r\n this.querySelectorAll(\'.icon .item\')[1].classList.toggle(\'return\')\r\n this.classList.toggle(\'anim-btn\')\r\n menu.classList.toggle(\'show\')\r\n})\r\n&lt;/script&gt;\r\n</code></pre>\r\n<p>Así hicimos una pequeña animación para nuestro icono de menu. Nada espectacular, pero tampoco tan plano. Sí de algo sirve, el código completo aquí esta. <br> El HTML... </p>\r\n<pre class=\'lang-javascript\'><code class=\'lang-javascript\'>\r\n&lt;!DOCTYPE html&gt;\r\n&lt;html lang=\"es\"&gt;\r\n&lt;head&gt;\r\n &lt;meta charset=\"UTF-8\"&gt;\r\n &lt;meta name=\"viewport\" content=\"width=device-width, initial-scale=1.0\"&gt;\r\n &lt;link href=\"https://fonts.googleapis.com/css?family=Lato:300,400\" rel=\"stylesheet\"&gt;\r\n &lt;link rel=\"stylesheet\" href=\"style.css\" /&gt;\r\n &lt;title&gt;Menu Responsivo&lt;/title&gt;\r\n&lt;/head&gt;\r\n&lt;body&gt;\r\n &lt;header&gt;\r\n &lt;div class=\"logo\"&gt;\r\n &lt;img src=\"logo.svg\" alt=\"Page Logo\"&gt;\r\n &lt;/div&gt;\r\n &lt;div class=\"menu\"&gt;\r\n &lt;div class=\"menu-btn\"&gt;\r\n &lt;div class=\"icon\"&gt;\r\n &lt;div class=\"item\"&gt;&lt;/div&gt;\r\n &lt;div class=\"item\"&gt;&lt;/div&gt;\r\n &lt;div class=\"item\"&gt;&lt;/div&gt;\r\n &lt;/div&gt;\r\n &lt;b&gt;Menu&lt;/b&gt;\r\n &lt;/div&gt;\r\n &lt;div class=\"menu-container\"&gt;\r\n &lt;ul class=\"nav\"&gt;\r\n &lt;li class=\"nav-item\"&gt;&lt;a href=\"#\" class=\"nav-link\"&gt;Inicio&lt;/a&gt;&lt;/li&gt;\r\n &lt;li class=\"nav-item\"&gt;&lt;a href=\"#\" class=\"nav-link\"&gt;Acerca de&lt;/a&gt;&lt;/li&gt;\r\n &lt;li class=\"nav-item\"&gt;&lt;a href=\"#\" class=\"nav-link\"&gt;Servicios&lt;/a&gt;&lt;/li&gt;\r\n &lt;li class=\"nav-item\"&gt;&lt;a href=\"#\" class=\"nav-link\"&gt;Contacto&lt;/a&gt;&lt;/li&gt;\r\n &lt;/ul&gt;\r\n &lt;/div&gt;\r\n &lt;/div&gt;\r\n &lt;/header&gt;\r\n &lt;h1&gt;Menu Responsivo&lt;/h1&gt;\r\n&lt;/body&gt;\r\n&lt;script&gt;\r\n var menu = document.querySelector(\'.menu-container\')\r\n document.querySelector(\'.menu-btn\').addEventListener(\'click\', function(){\r\n //this.innerHTML = (this.innerHTML === \'Menu\')? \'Return\' : \'Menu\'\r\n this.getElementsByTagName(\'b\')[0].innerHTML = (this.getElementsByTagName(\'b\')[0].innerHTML === \'Menu\')? \'Return\' : \'Menu\'\r\n this.querySelectorAll(\'.icon .item\')[1].classList.toggle(\'return\')\r\n this.classList.toggle(\'anim-btn\')\r\n menu.classList.toggle(\'show\')\r\n })\r\n&lt;/script&gt;\r\n&lt;/html&gt;\r\n</code></pre>\r\n<p>El CSS...</p>\r\n<pre class=\'lang-css\'><code class=\'lang-css\'>\r\n*, *:after, *:before{\r\n padding: 0;\r\n margin: 0;\r\n}\r\n\r\nhtml,body{\r\n font-size: 16px;\r\n font-family: \'lato\';\r\n background-color: #fff;\r\n}\r\n\r\n.nav, header ,h1,.menu-btn, .menu-btn .icon{\r\n display: flex;\r\n}\r\n.menu-btn, .nav-link{\r\n color: white;\r\n}\r\n\r\nheader, .menu-container{\r\n background-color: #ea5106;\r\n}\r\n\r\n.menu-btn{\r\n border-right: solid .1rem #fff;\r\n border-left: none;\r\n padding: .5rem;\r\n transition: all .3s ease;\r\n cursor: pointer;\r\n}\r\n.menu-btn.anim-btn{\r\n padding: .4rem;\r\n}\r\n/*Iconos menu*/\r\n.menu-btn .icon{\r\n flex-direction: column;\r\n justify-content: space-around;\r\n align-items: flex-start;\r\n width: .5rem;\r\n height: 1.3rem;\r\n \r\n}\r\n.menu-btn .icon .item{\r\n background-color: #fff;\r\n width: .3rem;\r\n height: .3rem;\r\n border-radius: .15rem;\r\n transition: all .3s ease-in-out;\r\n}\r\n.menu-btn .icon .item.return{\r\n /*width: .9rem;*/\r\n transform: translateX(-.4rem) \r\n}\r\n/*--------------------*/\r\nheader, h1, .nav{\r\n align-items: center;\r\n justify-content: center;\r\n}\r\n\r\nheader{\r\n justify-content: space-around;\r\n}\r\n\r\n.logo img{\r\n width: 80px;\r\n}\r\n\r\n.nav{\r\n flex-direction: column;\r\n}\r\n\r\n.nav-item{\r\n list-style: none;\r\n padding: 1rem;\r\n}\r\n\r\n.nav-link{\r\n text-decoration: none;\r\n font-size: 1.2rem;\r\n}\r\n\r\n.menu-container{\r\n position: absolute;\r\n left: -100%;\r\n width: 10%;\r\n height: 80vh;\r\n top: 80px;\r\n padding-top: 2rem;\r\n transition: all .7s ease-in-out;\r\n}\r\n\r\n.menu-container.show{\r\n left: 0;\r\n width: 100%;\r\n}\r\n\r\nh1{\r\n height: 70vh;\r\n}\r\n\r\n@media (min-width:768px){\r\n .menu-btn{\r\n display: none;\r\n }\r\n \r\n .menu-container{\r\n position: inherit;\r\n width: inherit;\r\n height: inherit;\r\n padding-top: 0;\r\n }\r\n \r\n .nav{\r\n flex-direction: row;\r\n }\r\n \r\n .nav-link{\r\n font-size: 1.2rem;\r\n font-weight: 400;\r\n }\r\n}\r\n</code></pre>','<p>Retomando las entradas sobre nuestro sencillo menu responsive, en este post le agregaremos un pequeño icono al botón de menu....',2,8,'2018-11-02 05:07:56','2018-11-02 07:28:12','anadiendo-icono-a-nuestro-boton-de-menu','published'),(25,'Función setlocale() php','<p>La función setlocale() de php, establece los valores locales en el script que se está ejecutando; Valores como información monetaria,formatos de fecha y hora entre otros. Su sintaxis es la siguiente.</p><pre class=\"language-php\"><code class=\"language-php\">setlocale( constant, location)\r\n</code></pre>\r\n<p>La&nbsp;función recibe dos parámetros; Una constante (obligatoria) que especifica la información local que queremos establecer.</p><p><strong>Constant</strong></p><p>Las constantes disponibles son:<br></p><p><strong>-LC_COLLATE</strong> orden de clasificación.</p><p><strong>-LC_CTYPE</strong>&nbsp; &nbsp; clasificación y conversión de caracteres.</p><p><strong>-LC_MESSAGES&nbsp;</strong> &nbsp; Mensajes de información del sistema.</p><p><strong>-LC_MONETARY</strong>&nbsp; &nbsp;formatos de moneda.</p><p><strong>-LC_NUMERIC</strong> formatos de números.</p><p><strong>-LC_TIME&nbsp;</strong> para formatos de fecha y hora.</p><p><strong>-LC_ALL</strong> para todas la anteriores.</p><p><strong>Location&nbsp;</strong><br></p><p>Especifica de que país o región se va a establecer la información.<br></p><p>Ejemplo:</p><pre class=\"language-php\"><code class=\"language-php\">&lt;?php\r\n/* Establece todas las constantes permitidas al español méxico*/\r\nsetlocale(LC_ALL, \'es_MX\');\r\n</code></pre>\r\n<p>En ocasiones al tratar de establecer la local que se quiere fijar el resultado no es el esperado; Esto puede deberse a que es probable\r\nque el localismo no esté instalado en el servidor o tenga un nombre diferente. Para solucionar esto un pequeño truco que puede funcionar\r\nes mostrar las locales disponibles en el servidor, ver si aparece y como aparece la local deseada.</p>\r\n<p>En mi caso al querer establecer una fecha en español para el siguiente script.../p&gt;</p><pre class=\"language-php\"><code class=\"language-php\">&lt;?php\r\n$anio= \'2019\'; \r\n$mes = \'02\';\r\n echo ucwords(strftime(\"%B %G\",strtotime($anio.\'-\'.$mes)));</code></pre>\r\n<p>Sería suficiente agregar lo siguiente al script...</p><pre class=\"language-php\"><code class=\"language-php\">setlocale(LC_ALL,\"es_MX\");\r\n</code></pre>\r\n<p>Quedando de la siguiente forma...</p><pre class=\"language-php\"><code class=\"language-php\">&lt;?php\r\nsetlocale(LC_ALL,\"es_MX\");\r\n$anio= \'2019\';\r\n$mes = \'02\';\r\n echo ucwords(strftime(\"%B %G\",strtotime($anio.\'-\'.$mes)));\r\n</code></pre>\r\n<p>Pero era el resultado siempre era el siguiente...</p><pre><code>February 2019\r\n</code></pre><p>\r\nIntenté de todo, cambiar el nombre de la local a mayúsculas, minúsculas, pero nada; Entonces fue que con el siguiente script busqué la lista de locales..</p><pre class=\"language-php\"><code class=\"language-php\">&lt;?php\r\necho \"Locales disponibles:\";\r\nsystem(\'locale -a\');\r\n</code></pre>\r\n<p>O para filtrar las locales en español...</p>\r\n<pre class=\"language-php\"><code class=\"language-php\">\r\n&lt;?php\r\necho \"Locales disponibles:\";\r\nsystem(\'locale -a | grep -i es\');\r\n</code></pre>\r\n<p>Al ver la lista de locales note que para la local de español méxico solo aparecía la sig.</p>\r\n<pre><code>es_MX.utf8</code></pre>\r\n<p>Cuando lo mas común es que aparezcan estos dos ...</p>\r\n<pre><code>es_MX<br>es_MX.utf8</code></pre>\r\n<p>Entonces lo más fácil fue agregar al script, la local tal cual aparece...</p><pre class=\"language-php\"><code class=\"language-php\">&lt;?php\r\nsetlocale(LC_ALL,\"es_MX.utf8\");\r\n</code></pre>\r\n<p>Quedando de la siguiente manera...</p><pre class=\"language-php\"><code class=\"language-php\">&lt;?php\r\nsetlocale(LC_ALL,\"es_MX.utf8\");\r\n$anio= \'2019\';\r\n$mes = \'02\';\r\n echo ucwords(strftime(\"%B %G\",strtotime($anio.\'-\'.$mes)));\r\n</code></pre>\r\n<p>Con un resultado como el siguiente.</p><pre class=\"language-php\"><code class=\"language-php\">Febrero 2019\r\n</code></pre>','<p>La función setlocale() de php, establece los valores locales en el script que se está ejecutando; Valores como información monetaria,formatos...',2,8,'2019-08-23 05:37:05','2019-08-23 06:40:01','funcion-setlocale-php','published'),(26,'Firma de correo con HTML y CSS','<p>Una firma de correo electrónico es un detalle que a menudo dejamos pasar.</p><p> La firma es la información desplegada al final de un correo electrónico, y según los expertos... \"Un buen diseño puede decir más de nosotros que únicamente el texto plasmado en él\".</p><p>En internet existen plantillas y herramientas generadoras de firmas, algunas de pago y otras sin costo.<br> A continuación, te muestro un sencillo pero útil ejemplo que puedes tomar como inspiración o incluso tomarlo y modificarlo a tu gusto. Está creado únicamente con HTML y CSS, veamos el ejemplo.</p><br>\r\n<p class=\"cp_embed_wrapper\"><iframe name=\"cp_embed_1\" src=\"https://codepen.io/victor-gomez-rodriguez/embed/LYPbJyR?height=265&amp;theme-id=default&amp;default-tab=html%2Cresult&amp;user=victor-gomez-rodriguez&amp;slug-hash=LYPbJyR&amp;pen-title=Sencilla%20firma%20para%20correo%20electr%C3%B3nico&amp;name=cp_embed_1\" scrolling=\"no\" frameborder=\"0\" height=\"265\" allowtransparency=\"true\" allowfullscreen=\"true\" allowpaymentrequest=\"true\" title=\"Sencilla firma para correo electrónico\" class=\"cp_embed_iframe \" style=\"width: 100%; overflow:hidden; display:block;\" id=\"cp_embed_LYPbJyR\"></iframe></p>\r\n<script async=\"\" src=\"https://static.codepen.io/assets/embed/ei.js\"></script>','<p>Una firma de correo electrónico es un detalle que a menudo dejamos pasar.</p><p> La firma es la información desplegada al final...',2,8,'2019-12-17 08:36:03','2019-12-31 07:54:53','firma-de-correo-con-html-y-css','published'),(27,'Iniciar y detener servicios apache y mysql en Debian y derivados','<p>En instalaciones debian y todos sus derivados el servicio apache&nbsp; es conocido como apache2. </p><p>Por defecto este servicio es ejecutado automáticamente al iniciar el servidor, pero en ocasiones es necesario cambiar esta configuración. Aquí algunos comandos útiles.</p>\r\n<h4>Deshabilitar arranque del servicio apache al inicio del servidor</h4>\r\n<pre><code class=\"lang-shell\"> sudo systemctl disable apache2 </code></pre>\r\n<h4>Y para volver a habilitar el arranque del servicio apache al inicio del servidor</h4>\r\n<pre><code class=\"lang-shell\"> sudo systemctl enable apache2 </code></pre>\r\n<h4>Iniciar servicio apache</h4>\r\n<pre><code class=\"lang-shell\"> sudo systemctl start apache2 </code></pre>\r\n<h4>Detener servicio apache</h4>\r\n<pre><code class=\"lang-shell\"> sudo systemctl stop apache2 </code></pre>\r\n<h4>Reiniciar apache</h4>\r\n<pre><code class=\"lang-shell\"> sudo systemctl restart apache2 </code></pre>\r\n<h4>Reload servicio apache</h4>\r\n<p>Cuando solo se hizo una modificación en un archivo de configuración y es necesario cargar la configuración y no es necesario reiniciar el servicio completo.</p>\r\n<pre><code class=\"lang-shell\"> sudo systemctl reload apache2 </code></pre>\r\n<h4>Ver el estatus del servicio apache</h4>\r\n<pre><code class=\"lang-shell\"> sudo systemctl status apache2 </code></pre>\r\n<h3>Y para el servicio MYSQL</h3>\r\n<h4>Deshabilitar inicio del servicio al arranque del servidor</h4>\r\n<pre><code class=\"lang-shell\"> sudo systemctl disable mysql</code></pre>\r\n<h4>Habilitar inicio del servicio al arranque del servidor</h4>\r\n<pre><code class=\"lang-shell\"> sudo systemctl enable mysql</code></pre>\r\n<h4>Iniciar servicio mysql</h4>\r\n<pre><code class=\"lang-shell\"> sudo service mysql start </code></pre>\r\n<h4>Detener servicio mysql</h4>\r\n<pre><code class=\"lang-shell\"> sudo service mysql stop </code></pre>\r\n<h4>Reiniciar servicio mysql</h4>\r\n<pre><code class=\"lang-shell\"> sudo service mysql restart </code></pre>\r\n<p>Dos comandos básicos para la gestión de los diferentes servicios de una máquina,\r\n<b>service</b> y <b>systemctl</b>.\r\n</p>','<p>En instalaciones debian y todos sus derivados el servicio apache&nbsp; es conocido como apache2. </p><p>Por defecto este servicio...',2,5,'2020-09-22 03:23:19','2020-09-22 06:08:45','iniciar-y-detener-servicios-apache-y-mysql-en-debian-y-derivados','published'),(37,'No aparecen iconos ni imágen de escritorio en XFCE','<p>Un problema que me ha sucedido frecuentemente de un tiempo para acá en Debian con XFCE, es que de repente al iniciar sesión no aparecen el fondo de escritorio ni los enlaces directos de él. Buscando por aquí y por allá encontré que el problema viene debido a que el el manejador de escritorio de XFCE  no inicia automáticamente como es habitual.  </p><p>Con este primer comando iniciaremos el manager para ver si el problema viene por ese lado...<br></p>\r\n<pre class=\"lang-shell\"><code>\r\n xfdesktop\r\n</code>\r\n</pre>\r\n<p>Sí después de ejecutar ese comando logramos  ver el escritorio y sus componentes, es probable que que el problema  se deba a un archivo dañado en la cache de inicio de sesión; Y para solucionarlo bastará con  ejecutar el siguiente comando...<br></p>\r\n<pre class=\"lang-shell\"><code>\r\n rm -R ~/.cache/sessions/*\r\n</code>\r\n</pre>\r\n<p>\r\n Por ultimo cerramos sesión, volvemos a iniciarla y el problema debería estar solucionado. \r\n</p>','<p>Un problema que me ha sucedido frecuentemente de un tiempo para acá en Debian con XFCE, es que de repente al iniciar sesión no...',2,5,'2021-05-10 01:21:39','2021-05-17 07:01:52','no-aparecen-iconos-ni-imagen-de-escritorio-en-xfce','published'),(40,'Alias en GNU/Linux','<p>En los sistemas Linux un alias es una forma de crear una especie de atajo para representar un comando o agrupar un  conjunto de comandos que pudieran ejecutar una tarea o más tareas.</p><p>Con un alías es posible ejecutar tareas repetitivas en un solo comando personalizado, mejorando nuestro flujo de trabajo .</p><p>Es posible crear alias de manera temporal, los cuales son  posible ejecutar mientras se mantenga activa  la misma sesión de usuario; Y los alias permanentes que siguen existiendo  en el sistema aun y cuando  halla cambios entre sesiones.</p><h3>Comencemos por listar los alias definidos actualmente en el sistema.</h3><p>Para lograr esto bastará con ejecutar el siguiente comando en nuestra terminal.</p>\r\n<pre class=\"lang-shell\"><code>\r\n $ alias\r\n</code>\r\n</pre>\r\n<p>\r\nDespués de este comando podremos ver la lista de aliases en nuestro sistema.\r\n</p>\r\n<pre class=\"lang-shell\"><code>\r\nvic@pue-dev-frontend-2:~$ alias\r\nalias alert=\'notify-send --urgency=low -i \"$([ $? = 0 ] && echo terminal || echo error)\" \"$(history|tail -n1|sed -e \'\\\'\'s/^\\s*[0-9]\\+\\s*//;s/[;&|]\\s*alert$//\'\\\'\')\"\'\r\nalias egrep=\'egrep --color=auto\'\r\nalias fgrep=\'fgrep --color=auto\'\r\nalias grep=\'grep --color=auto\'\r\nalias l=\'ls -CF\'\r\nalias la=\'ls -A\'\r\nalias ll=\'ls -alF\'\r\nalias ls=\'ls --color=auto\'\r\n</code>\r\n</pre>\r\n<h3> Creando nuestro alias </h3>\r\n<p> Crear un alias en Linux es relativamente fácil y no presenta mayor complejidad y los beneficios que podemos obtener son destacables. \r\n </p>\r\n<h4> Iniciemos por crear un alias temporal.</h4>\r\n<p>Lo único que necesitamos para esto es desde la terminal tipeamos la palabra alias seguido del nombre con el que queremos llamar a nuestro alias para luego después del carácter de igualdad \"=\" entre comillas colocaremos el comando o el grupo de comandos que queremos ejecutar con nuestro alias, con una sintaxis como la siguiente.</p>\r\n<pre class=\"lang-shell\"><code>\r\n  $ alias nombreAlias= \"comando\"\r\n</code>\r\n</pre>\r\n<p> Tomemos como ejemplo el siguiente caso... </p><p>En el día a día trabajando con angular es necesario al iniciar nuestras actividades principalmente dos pasos. El primero ir a la carpeta de nuestro proyecto. Segundo ejecutar el comando de angular para arrancar su live server y empezar a codificar.</p>\r\n<p>Para lo anterior tendríamos que hacerlo en los dos pasos mencionados. </p>\r\n<pre class=\"lang-shell\"><code>\r\n $ cd /mnt/c/xampp/htdocs/front_app\r\n</code>\r\n</pre>\r\n<p>Y ...</p>\r\n<pre class=\"lang-shell\"><code>\r\n $ ng serve\r\n</code>\r\n</pre>\r\n<h4>Ahora hagamos un alias para la tarea anterior</h4>\r\n<p>Creamos nuestro alias...</p>\r\n<pre class=\"lang-shell\"><code>\r\n $ alias ngapp=\"cd /mnt/c/xampp/htdocs/front_app; ng serve\"  \r\n</code>\r\n</pre>\r\n<p>Ahora podemos ejecutar nuestro alias para realizar la tarea.</p>\r\n<pre class=\"lang-shell\"><code>\r\n $ ngapp  \r\n</code>\r\n</pre>\r\n<p>Con esto hemos creado nuestro alias temporal, pero con las desventaja que el modo temporal representa.</p>\r\n<h3>Nuestro alias permanente</h3>\r\n<p>Para generar nuestro alias de manera permanente la única diferencia será que lo guardaremos en el archivo de perfil de  configuración del shell del usuario que pudiera ser en ...\r\n</p><ul>\r\n<li>Bash – ~/.bashrc</li>\r\n<li>ZSH – ~/.zshrc</li>\r\n<li>Fish – ~/.config/fish/config.fish</li>\r\n</ul> <p></p>\r\n<p>En mi caso ~/.bashrc con el editor de tu preferencia dentro de este archivo agregaremos nuestro alias   </p>\r\n<pre class=\"lang-shell\"><code>\r\n $ alias ngapp=\'cd /mnt/c/xampp/htdocs/front_app; ng serve\' \r\n</code>\r\n</pre>\r\n<p>GUardamos el archivo y si queremos cargar el alias en la sesión actual  ejecutamos el siguiente comando</p>\r\n<pre class=\"lang-shell\"><code>\r\n $ source ~/.bashrc\r\n</code>\r\n</pre>','<p>En los sistemas Linux un alias es una forma de crear una especie de atajo para representar un comando o agrupar un  conjunto de...',2,5,'2021-07-27 05:43:34','2021-10-03 23:33:15','alias-en-gnu-linux','published'),(42,'Buscar en un archivo con  Vi, VIM,   Neovim o cualquiera de sus mejoras','<p>Para realizar una  búsqueda de cualquier palabra dentro de un archivo con el editor Vi o VIM los siguientes pasos serán útiles...</p><p>Dentro del modo normal es posible realizar una búsqueda  en dirección hacia adelante o en dirección contraria a partir de donde se encuentra el cursor actualmente.</p><p>RECUERDA dentro del modo normal (si no estas seguro en que modo estas, con golpear la tecla <b><font color=\"#f7f7f7\" style=\"background-color: rgb(66, 66, 66); padding-bottom:5px;\">  Esc  </font></b>  ya estarás seguro de que te encuentras en modo normal) </p><p>Tipeando  <b style=\"background-color: rgb(66, 66, 66);padding-bottom:5px;\"><font color=\"#f7f7f7\">  /  </font></b> y después la palabra que quieres buscar  se realizará la búsqueda hacia adelante.</p><p>Tipeando  <font color=\"#f7f7f7\" style=\"background-color: rgb(66, 66, 66); padding-bottom:5px\">  ?   </font> y después la palabra que se desea buscar se realizará  la búsqueda hacia atrás.</p><p> Para navegar por las coincidencias e indicarle al editor que has terminado de escribir tu búsqueda será necesario presionar la tecla de  <span style=\"background-color: rgb(66, 66, 66); padding-bottom:4px;\"><font color=\"#efefef\"> </font><font color=\"#ffffff\">Enter</font><font color=\"#efefef\">  </font></span>    <span style=\"font-size: 1rem;\">Una vez realizada la búsqueda por el editor,</span><span style=\"font-size: 1rem;\"> tipeando  <font color=\"#efefef\" style=\"background-color: rgb(66, 66, 66);\"> n </font> iras a la siguiente coincidencia y con <font color=\"#efefef\" style=\"background-color: rgb(66, 66, 66);\">  N  </font> te llevara a la coincidencia anterior.</span></p>','<p>Para realizar una  búsqueda de cualquier palabra dentro de un archivo con el editor Vi o VIM los siguientes pasos serán útiles...</p><p>Dentro...',2,5,'2022-01-29 06:45:14','2022-01-30 00:19:29','buscar-en-un-archivo-con-vi-vim-neovim-o-cualquiera-de-sus-mejoras','published'),(43,'Buffers Tabs y Windows en Vim (Buffers, pestañas y ventanas en Vim)','<p>Existe una marcada diferencia entre el flujo de trabajo de Vim y el resto de editores de código, dicha  diferencia radica en que Vim trabaja con buffers, pestañas y ventanas lo que dota a este editor de una abstracción diferente a los demás. Veamos como es que Vim hace gestión de todo esto.</p><h2>Buffer</h2><p>En Vim todo comienza con los buffers, Vim hace un espacio en memoria por cada archivo de texto abierto, es decir por cada archivo  se generará un buffer. Si por ejemplo desde la consola abrimos un par de  archivos con Vim...</p><p> <br></p>\r\n<pre class=\"lang-vi\"><code>\r\n  vim index.html main.ts\r\n</code>\r\n</pre>\r\n<p><br></p><p>Al abrirse el editor vemos que unicamente nos abrió un archivo, esto es porque el otro esta en otro buffer, para ver los buffers actuales en el editor usamos cualquiera  de los  siguientes comando desde el modo de comandos en Vim...</p><p><br></p>\r\n<pre class=\"lang-vi\"><code>\r\n  :buffers\r\n  :ls\r\n  :list\r\n</code>\r\n</pre>\r\n<p><br></p><p>Para moverse entre los buffers actuales siguiente y anterior...</p><p><br></p>\r\n<pre class=\"lang-vi\"><code>\r\n  :bnext\r\n  :bprev\r\n</code>\r\n</pre>\r\n<br><p>Moverse a buffer por nombre...</p><br>\r\n<pre class=\"lang-vi\"><code>\r\n  :buffer \"nombre.archivo\" \r\n</code>\r\n</pre>\r\n<p><br>Donde en el campo  no será necesario indicar todo el nombre (del archivo) bastará con ingresar las primeras letras y Vim auto completará el nombre, pero previamente habrá que listar todos los buffers para saber su nombre en caso de no saberlo.</p><p>Es importante tener en mente que aunque no este actualmente visible  un archivo, es posible que  Vim aún lo tenga  en memoria, es aquí cuando el listar los buffers actuales toma mayor importancia, tener en cuenta que mientras la sesión en Vim siga activa los buffers seguirán ahí hasta que vim se cierre o se elimine ese buffer (al decir eliminar el buffer, me refiero a cerrar el archivo no eliminarlo ).</p><p>Con el siguiente comando eliminamos un buffer...</p><br>\r\n<pre class=\"lang-vi\"><code>\r\n  :bdelete \"nombre.archivo\"\r\n</code>\r\n</pre>\r\n<h2><br></h2><h2>Ventanas / Windows</h2>\r\n<p>En vim una ventana es el medio inmediato por el cual se muestra un buffer, en vim es posible tener multiples ventanas abiertas con diferentes buffers o incluso el mismo buffer. </p><p>Para abrir un nueva ventana , desde el modo de comandos de nuestro editor contamos con los siguientes...</p><br>\r\n<pre class=\"lang-vi\"><code>\r\n  :split\r\n  :new\r\n</code></pre>\r\n<br><p>El comando<span style=\"background-color: rgb(0, 0, 0);\"><font color=\"#f7f7f7\">  :split  </font></span> sin argumentos es decir sin indicarle ningún archivo abrirá en la misma ventana otra nueva de manera horizontal, mostrando el mismo archivo en ambas; En cambio el comando <font style=\"background-color: rgb(0, 0, 0);\" color=\"#f7f7f7\">  :new  </font> sin ningún argumento abrirá una nueva ventana horizontal con un buffer vacío.</p><p>Supongamos que tenemos una distribución de ventanas como la siguiente...</p><p><img class=\"img-fluid\" src=\"/images/articles/generals/04-2022/generals_1649458064.png\" style=\"width: 100%;\"><br></p>\r\n<p>Para escenarios como este algunos atajos con las teclas útiles...</p><p><font color=\"#FFFFFF\"><span style=\"background-color: rgb(0, 0, 0);\"> Ctrl-W + h </span></font> desplazarse de la ventana actual a la izquierda,  <span style=\"background-color: rgb(0, 0, 0);\"><font color=\"#FFFFFF\">  Ctrl-W + l  </font></span>desplazarse de la ventana actual a la derecha  <span style=\"background-color: rgb(0, 0, 0);\"><font color=\"#FFFFFF\"> Ctrl-W + j </font></span> desplazarse de la ventana actual a la de abajo y con  <span style=\"background-color: rgb(0, 0, 0);\"><font color=\"#FFFFFF\"> Ctrl-W + k </font></span> de la ventana actual hacia arriba.</p><h2><br></h2><h2>Pestañas / Tabs</h2><p>En el editor Vim una pestaña (tab) es lo mas general en cuanto a este tema trata, una pestaña es o puede ser un conjunto de ventanas. A diferencia de otros editores en Vim ni una ventana ni una pestaña representan un archivo abierto, es posible que cerremos la pestaña o la ventana pero el archivo aún se mantendrá en el buffer.</p><p>Algunos comandos útiles para trabajar con las pestañas </p><p><br></p>\r\n<pre class=\"lang-vi\"><code>\r\n:tabnew         #abre una nueva pestaña\r\n:tabclose       #cierra la pestaña actual\r\n:tabnext        #ir a la siguiente pestaña\r\n:tabprevious    #ir a la pestaña anaterior\r\n:tablast        #ir a la última pestaña\r\n:tabfirst       #ir a la primer pestaña\r\n</code>\r\n</pre>\r\n<p><br></p><p>También es útil navegar entre pestañas con el comando  <font color=\"#FFFFFF\"><span style=\"background-color: rgb(0, 0, 0);\">  gt  </span></font> desde el modo de comandos,  anteponiendo el numero de pestaña al que nos queremos desplazar, ejemplo...  <span style=\"background-color: rgb(0, 0, 0);\"><font color=\"#FFFFFF\">  2gt  </font></span> para ir a la pestaña dos.<br></p>','<p>Existe una marcada diferencia entre el flujo de trabajo de Vim y el resto de editores de código, dicha  diferencia radica en...',2,5,'2022-04-05 22:05:18','2022-04-13 02:43:43','buffers-tabs-y-windows-en-vim-buffers-pestanas-y-ventanas-en-vim','published'),(46,'Lo que hago después de instalar Debian','<p>Cuentan que es de las versiones mas estables, que cuenta con una amplia comunidad, que es fácil de instalar y quizá sea cierto. Lo cierto es que es la distro que desde hace tiempo uso para mi maquina.&nbsp; A continuación una lista de las cosas que hago después de&nbsp; instalar debian.</p><h2>Agregar usuario a SUDOERS</h2><p>La forma mas rápida de otorgar privilegios de sudo a cualquier usuario es&nbsp; agregar el usuario a el grupo de&nbsp; sudoers. Los usuarios que están en este grupo pueden ejecutar comandos como root mediante el comando sudo. Para ello será necesario ejecutar el siguiente comando con el usuario root u otro usuario que ya tenga privilegios sudo.</p>\r\n<pre class=\"lang-shell\"><code>\r\nusermod -aG sudo username\r\n</code>\r\n</pre>\r\n<h2>Diálogos de autenticación para obtener privilegios</h2><p>Por alguna razón que aún desconozco, no se si sea un tema de XFCE o después de agregar el usuario al grupo de sudoers;&nbsp; Pero se me presenta el inconveniente en el ambiente gráfico de que&nbsp; al intentar una acción&nbsp; que requiere de permisos root no se me muestra el dialogo de autenticación para ejecutar dicha acción. Para resolver este inconveniente instalo el paquete&nbsp;<span style=\"background-color: rgba(0, 0, 0, 0.075); color: rgb(33, 37, 41); font-family: Verdana, Geneva, Arial, Helvetica, sans-serif; font-size: 13px;\">policykit-1-gnome.</span></p>\r\n<pre class=\"lang-shell\"><code>\r\nsudo apt-get install policykit-1-gnome\r\n</code>\r\n</pre>\r\n<h2>Personalizar XFCE</h2><p>No lo he mencionado aun, pero debian lo instalo con el entorno de XFCE, ya que es ligero entre otras cosas; Pero no sé si sea por esa principal característica de ser ligero y sencillo que visualmente no es muy agradable a la vista, por eso dejando de lado el cambio de imagen de fondo y esas cosas aquí algunas mejoras visuales que ayudan de buena manera.</p><h4>Instalar&nbsp; nuevo Tema</h4><p>Este punto es importante para mejorar la apariencia de Xfce, es algo sencillo de hacer y muy útil; Para esto desde la página&nbsp;<a href=\"http://xfce-look.org\" target=\"_blank\">xfce-look.org</a> descargaremos el tema seleccionado, descomprimimos&nbsp; y la carpeta descomprimida la movemos al directorio&nbsp; &nbsp;&nbsp;<span style=\"background-color: rgb(156, 156, 148);\"><font color=\"#efefef\">&nbsp;~ /.themes&nbsp;</font></span>&nbsp; sí no existe el directorio será necesario crearlo. Luego en...&nbsp; &nbsp; Aplicaciones-&gt;configuraciones-&gt;apariencia&nbsp; y en el apartado de estilo seleccionamos el tema que acabamos de mover.</p><h4>Agregar paquete de ICONOS</h4><p>Otra cosa que agrega un punto extra a la mejora visual de nuestro entorno es el tema de los iconos, ya que dependiendo del tema que estemos usando, podemos instalar un paquete de iconos que valla acorde a este. Igual que con los temas, para los iconos, desde la página&nbsp;<a href=\"http://xfce-look.org\" target=\"_blank\">xfce-look.org</a>&nbsp;<span style=\"font-size: 1rem;\">podemos también descargar iconos, seleccionamos el paquete y descargamos, pero a partir de aquí los pasos difieren un poco. Descomprimimos el archivo y el folder resultante, lo colocaremos en <span style=\"background-color: rgb(156, 156, 148);\"><font color=\"#ffffff\">&nbsp; /usr/share/.icons/&nbsp;</font></span>&nbsp; en caso de no existir, es necesario crearlo, para esto es probable que necesites permisos de sudo, luego desde la misma ventana que seleccionamos los temas, buscamos la pestaña de iconos y seleccionamos el paquete deseado.</span></p><h4 style=\"font-family: \" source=\"\" sans=\"\" pro\",=\"\" -apple-system,=\"\" blinkmacsystemfont,=\"\" \"segoe=\"\" ui\",=\"\" roboto,=\"\" \"helvetica=\"\" neue\",=\"\" arial,=\"\" sans-serif,=\"\" \"apple=\"\" color=\"\" emoji\",=\"\" ui=\"\" symbol\";=\"\" color:=\"\" rgb(0,=\"\" 0,=\"\" 0);\"=\"\">Agregar paquete de ICONOS</h4><p>Otra cosa que agrega un punto extra a la mejora visual de nuestro entorno es el tema de los iconos, ya que dependiendo del tema que estemos usando, podemos instalar un paquete de iconos que valla acorde a este. Igual que con los temas, para los iconos, desde la página&nbsp;<a href=\"http://xfce-look.org/\" target=\"_blank\">xfce-look.org</a>&nbsp;<span style=\"font-size: 1rem;\">podemos también descargar iconos, seleccionamos el paquete y descargamos, pero a partir de aquí los pasos difieren un poco. Descomprimimos el archivo y el folder resultante, lo colocaremos en&nbsp;<span style=\"background-color: rgb(156, 156, 148);\"><font color=\"#ffffff\">&nbsp; /usr/share/.icons/&nbsp;</font></span>&nbsp; en caso de no existir, es necesario crearlo, para esto es probable que necesites permisos de sudo, luego desde la misma ventana que seleccionamos los temas, buscamos la pestaña de iconos y seleccionamos el paquete deseado.</span></p><h4 style=\"font-family: \" source=\"\" sans=\"\" pro\",=\"\" -apple-system,=\"\" blinkmacsystemfont,=\"\" \"segoe=\"\" ui\",=\"\" roboto,=\"\" \"helvetica=\"\" neue\",=\"\" arial,=\"\" sans-serif,=\"\" \"apple=\"\" color=\"\" emoji\",=\"\" ui=\"\" symbol\";=\"\" color:=\"\" rgb(0,=\"\" 0,=\"\" 0);\"=\"\">Cambiar a menú whisker</h4><p>Actulmente en las versiones de Xfce 4 no hay mucha diferencia entre el menú de aplicaciones de xfce y el menu whisker, pero la razón por la que sigo prefiriendo a whisker es su&nbsp; campo de búsqueda de aplicaciones que me permite encontrar rápidamente cualquier aplicación del montón de aplicaciones que tenemos.&nbsp;</p><ul><li>Para esto desde el panel principal donde esta contenido el menú de aplicaciones, las áreas de trabajo y de más elementos, sobre el espacio libre en el panel, hacemos click derecho-&gt;panel-&gt;Añadir elementos nuevos...&nbsp; y buscamos el munú whisker, seleccionamos y agregar;</li><li>Ahora solo falta mover a la posición&nbsp; indicada y para ello sobre el nuevo elemento agregado, click derecho-&gt;mover y arrastramos el elemento a la posición que queremos.</li><li>Y si aún tenemos el botón de menu anterior pues debemos quitarlo del panel; Entonces ..&nbsp; click derecho -&gt;quitar.</li></ul><h4>Agregar el dock plank</h4><p>Un dock es una únidad gráfica que permite acceder fácilmente a las aplicaciones más utilizadas, generalmente anclado en la parte inferior de la pantalla al estilo de mac. Uno de los más populares por su sencilleza es plank para instalarlo podemos hacerlo desde los repositorios predeterminados...</p>\r\n<pre class=\"lang-shell\"><code>\r\nsudo apt install plank\r\n</code>\r\n</pre>\r\n<p>Es facil de configurar podemos anclar las aplicaciones que deseemos, hacer que el dock desaparezca y mostrarlo al pasar el cursor en donde esta anclado etc. Pero por defecto plank no inicia automaticamente al iniciar sesion, para resolver esto bastará con...<br> Desde el menu de aplicaciones seleccionamos</p><p> configuración-&gt;sesion e inicio </p><p> Desde la pestaña de Autoarranque de aplicaciones buscamos el botón de agregar y nos tocará buscar la aplicación pero por lo regular esta en <span style=\"background-color: rgb(156, 156, 148);\">&nbsp;&nbsp;<font color=\"#ffffff\" style=\"\">/usr/bin/plank&nbsp; </font></span>&nbsp;agregamos un nombre, una descripción y en desencadenar  on-login. </p><ul><li>Para agregar aplicaciones&nbsp; es tan secillo como arrastrarlas hacia el plank. </li><li>Para cambiar el orden solo basta arrastrarlo hacia donde se desea de un lado al otro.</li><li>Es fácil tambien personalizar la apariencia y el como se comporta plank, en la mayoría de los casos será suficiente hacer click derecho a un costado de las aplicaciones en un espacio vacio y dar click en personalizar, pero algunas veces esto falla ya que no muestra las opciones de personalización de plank, si esto pasa basta&nbsp; &nbsp;añadir la convinación de teclas Ctrl+Shift + click derecho del mouse en un espacio vacio -&gt; Preferencias. Despues de esto se desplegará la ventana de configuración de plank con las pestañas de apariencia, comportamiento y agregados.</li></ul><p> Y listo.</p>','<p>Cuentan que es de las versiones mas estables, que cuenta con una amplia comunidad, que es fácil de instalar y quizá sea cierto....',2,5,'2022-07-21 00:15:35','2022-08-17 01:47:07','lo-que-hago-despues-de-instalar-debian','published'),(50,'Fechas en Javascript con la función toLocaleDateString() del objeto Date()','<p>Según la documentación oficial el método&nbsp;toLocaleDateString() retorna una fecha formateada en string con base en&nbsp; el idioma especificado, zona horaria y algunas otras opciones útiles al trabajar con fechas...&nbsp;</p><p>La función recibe dos parámetros, <b>locale </b>y <b>options </b>que permiten&nbsp; especificar el idioma de&nbsp; las cuales las convenciones de formato&nbsp; deben utilizarse adamas de personalizar el comportamiento de la función. Veamos un ejemplo rápido...</p>\r\n<pre class=\"lang-javascript\"><code>\r\nconst my_date = new Date(2024,03,05);\r\n</code>\r\n</pre>\r\n<p>En una constante&nbsp; guardamos una instancia del objeto Date de javascript, para trabajar&nbsp; la función&nbsp;<b>toLocaleDateString()</b>&nbsp; y sus dos parametros que puede recibir...</p>\r\n<pre class=\"lang-javascript\"><code>\r\nconst locale  = \'es-MX\';\r\nconst options = {\r\n  weekday : \'long\',\r\n  month   : \'long\',\r\n  day     : \'numeric\',\r\n  year    : \'numeric\',\r\n  timezone: \'UTC\'\r\n};\r\n</code>\r\n</pre>\r\n<p>La función en acción...</p>\r\n<pre class=\"lang-javascript\"><code>\r\nconsole.log( my_date.toLocaleDateString(locale,options));\r\n//salida: viernes, 5 de abril de 2024\r\n</code>\r\n</pre>\r\n<p>El resultado una fecha formateada según el parámetro locale y sus opciones (Nota: la salida para el mes es abril y no marzo, en el objeto date el mes inicia en 0).<br> Veamos otro ejemplo rápido; ¿Qué pasa si modificamos las opciones para la función? </p>\r\n<pre class=\"lang-javascript\"><code>\r\nconst my_date = new Date(2024,03,05);\r\nconst locale  = \'es-MX\';\r\nconst options = {\r\n  month   : \'short\',\r\n  day     : \'numeric\',\r\n  year    : \'numeric\',\r\n  timezone: \'UTC\'\r\n};\r\n\r\nconsole.log( my_date.toLocaleDateString(locale,options));\r\n//salida: 5 abr 2024\r\n</code></pre>\r\n<p>Como vemos podemos cambiar nuestra salida para encontrar un formato que mejor nos acomode, para este caso omitimos el día de la semana y el mes lo establecemos en un formato corto.</p><p><b>Nota:</b> Dependiendo de la configuración o como este establecida tu zona horaria; al trabajar con fechas con Date() es recomendable enviar el formato de fecha hora completo&nbsp;<span style=\"color: var(--highlight-variable); font-family: inherit; font-size: 13px; font-style: inherit; font-variant-ligatures: inherit; font-variant-caps: inherit; font-weight: inherit; background-color: transparent; white-space: inherit;\">\"2024-03-12T00:00:00\"</span></p>','<p>Según la documentación oficial el método&nbsp;toLocaleDateString() retorna una fecha formateada en string con base en&nbsp;...',2,10,'2024-02-07 06:30:43','2024-04-12 22:43:01','fechas-en-javascript-con-la-funcion-tolocaledatestring-del-objeto-date','published'),(53,'Minimizar texto con css','<p>A la hora de trabajar con un texto muy grande&nbsp; en un espacio pequeño, es&nbsp; útil conocer las distintas propiedades que tiene css para controlar el comportamiento de este. Por ejemplo podemos mostrar solo una fracción del texto en valor de un tamaño fijo usando unas pocas propiedades...</p><h2>white-space</h2><p>&nbsp;Determina el comportamiento del espacio en blanco dentro de un elemento, es decir si los espacios en blanco serán contraidos y como se ajustarán las líneas.</p><h2>text-overflow</h2><p>Esta propiedad señala como se le muestra al usuario que hay un contenido que desborda&nbsp; a su contenedor, se puede recortar, mostrar puntos suspensivos o un mensaje personalizado. Por si sola esta propiedad no fuerza&nbsp; ningún comportamiento es necesario usarla en conjunto con otras propiedades veamos el ejemplo...</p><pre><code class=\"lang-css\">.element{\r\n    overflow: hidden;\r\n    white-space: nowrap;\r\n    text-overflow: ellipsis;\r\n}\r\n</code>\r\n</pre>\r\n<p>Veamos el siguiente caso; <span class=\"text-warning\">Tenemos un contenedor con un ancho de 180 pixeles</span>, y dentro tenemos un parrafo con un \r\n texto largo...</p>\r\n<p>El código...</p>\r\n<pre><code class=\"lang-css\">\r\ndiv{\r\n    width:180px;\r\n    border: solid 1px yellow;\r\n}</code></pre><pre><code class=\"lang-html\"><div>\r\n   <p>Este es el texto un poco largo que desborda su contenedor.</p>\r\n </div>\r\n</code></pre>\r\n<p>Y el resultado...</p>\r\n<pre><div class=\"border border-warning\" style=\"width:180px;\"><p>Este es el texto un poco largo que desborda su contenedor.</p></div>\r\n</pre>\r\n<p>Como es evidente vemos que el texto desborda su contenedor, ahora apliquemos las propiedades vistas anteriormente...</p>\r\n<p>El código...</p>\r\n<pre><code class=\"lang-css\">\r\ndiv{\r\n    width:180px;\r\n    border: solid 1px yellow;\r\n}\r\np{\r\n    overflow: hidden;\r\n    white-space: nowrap;\r\n    text-overflow: ellipsis;\r\n}\r\n</code>\r\n</pre>\r\n<p>Y el resultado...</p>\r\n<pre><div class=\"border border-warning\" style=\"width:180px;\"><p style=\"overflow: hidden;white-space: nowrap;\r\n    text-overflow: ellipsis;\">Este es el texto un poco largo que desborda su contenedor.</p></div>\r\n</pre>\r\n<p>Como podemos observar, en conjunto las propiedades <b>overflow</b>, <b>white-space</b> y<b> text-overflow</b> logran el resultado antes señalado, pero jugando con los diferentes valores&nbsp; de la propiedad <b>text-overflow</b>  se pueden lograr distintos resultados</p>','<p>A la hora de trabajar con un texto muy grande&nbsp; en un espacio pequeño, es&nbsp; útil conocer las distintas propiedades que...',2,8,'2024-04-22 23:21:45','2024-04-30 06:07:29','minimizar-texto-con-css','published'),(54,'Ver archivos modificados en cada commit','<p>Cuando trabajamos con git para llevar el control de versiones en nuestro proyecto, en ocasiones&nbsp; es necesario saber que archivos fueron modificados en algún commit&nbsp; en específico, para solucionar esto tenemos diferentes soluciones, a continuación veamos una de ellas.</p><h2>git log</h2><p>El comando log de git lista&nbsp; de manera cronológica los commits hechos en el repositorio, aplicando diferentes opciones podemos obtener diversos resultados, pero vamos paso a paso; El comando <b>git log</b> nos da algo similar a esto...</p>\r\n<pre class=\"lang-shell\"><code class=\"lang-git\">\r\n$  git log\r\ncommit ae492b53a1dc279690690404242ee3bf6041982b (HEAD -&gt; feature-asignar-pago-desde-buscar-transaccion, origin/feature-asignar-pago-desde-buscar-transaccion, responsive-paneles-pagos)\r\nAuthor: gomez-victor <gomez.victor@iexe.edu.mx>\r\nDate:   Tue Apr 16 10:56:19 2024 -0600\r\n\r\n    se agrega caracteristica para poder asignar un pago desde la vista de busqueda de pagos\r\n\r\ncommit f57f9579410bb165c848dbcc553c576d0f45bea3 (origin/estatus-alumno, estatus-alumno)\r\nAuthor: gomez-victor <gomez.victor@iexe.edu.mx>\r\nDate:   Thu Apr 11 12:42:03 2024 -0600\r\n\r\n    se hacen los cambios más sencillos en vista buscar pago y borrar pago\r\n\r\ncommit 256ff54f6d16d62915a5b5609be50c0e8d978904\r\nAuthor: gomez-victor <gomez.victor@iexe.edu.mx>\r\nDate:   Wed Apr 10 10:31:32 2024 -0600\r\n\r\n    se agrega feature estatus alumnos\r\n\r\ncommit c014f19ede1690df1f77a174714e45ed59afa0ad (origin/feature-borrar-pago, feature-borrar-pago)\r\nAuthor: gomez-victor <gomez.victor@iexe.edu.mx>\r\nDate:   Tue Apr 9 12:22:19 2024 -0600\r\n\r\n    se termina módulo de borrar pago\r\n\r\ncommit 7279273fc97f24f34eb97ce95aa9ecac4f36d401 (origin/feature-buscar-pago, feature-buscar-pago)\r\nAuthor: gomez-victor <gomez.victor@iexe.edu.mx>\r\nDate:   Fri Apr 5 13:01:36 2024 -0600\r\n\r\n    se termina la caracteristica buscar pago\r\n\r\n\r\n</gomez.victor@iexe.edu.mx></gomez.victor@iexe.edu.mx></gomez.victor@iexe.edu.mx></gomez.victor@iexe.edu.mx></gomez.victor@iexe.edu.mx></code>\r\n</pre>\r\n<p>Como lo mencionamos anteriormente, vemos el listado de commits y su detalle. Algo importante a recalcar y que nos va servir es que para cada commit,&nbsp;&nbsp;&nbsp;nos muestra el SHA propio de cada uno, que no es nada más ni nada menos que su ID<span style=\"color: rgb(255, 255, 255); background-color: rgb(57, 123, 33);\"> </span><font color=\"#ffffff\">&nbsp;</font>único. <br></p>\r\n<pre class=\"lang-git\"><code class=\"lang-git\">\r\ncommit <font style=\"background-color: rgb(57, 123, 33);\" color=\"#ffffff\">ae492b53a1dc279690690404242ee3bf6041982b</font> </code></pre>\r\n<p>Siempre y cuando el SHA no cause conflicto es posible utilizar una versión corta; Utilizando los seis primeros caracteres la mayoría de las veces sera suficiente.</p><p>Así pues , una vez hecha esta pequeña introducción podemos proceder al punto central del post.</p><h3>Ver archivos modificados en git con log</h3><p>Como vimos anteriormente las opciones del comando git log son muchas, pero la que nosotros veremos para nuestro proposito, esta en la opción -p. La cual muestra los cambios hechos en cada commit.</p><p>Así entonces con lo visto de git log, el sha del commit y la opción&nbsp; -p podemos obtener los cambios hechos a partir de un commit específico&nbsp; con el siguiente comando...</p>\r\n<pre class=\"lang-shell\"><code class=\"lang-shell\">\r\n  git log -p --name-only  bc95be99\r\n</code>\r\n</pre>\r\n<p>Entonces hagamos un pequeño repaso...</p><p>Con el comando&nbsp;<b><span style=\"background-color: rgb(0, 0, 0);\"><font color=\"#ffff00\"> git log&nbsp;</font></span></b> podemos listar todos los commits hecho en nuestro repo de manera cronológica del más reciente al más antiguo asi como un poco de sinformación sobre el commit...</p>\r\n<pre class=\"lang-git\"><code class=\"lang-git\">\r\ncommit 466552db077a73806b34df9a66007a1d9cc8db0d (HEAD -&gt; menu-respomsive)\r\nAuthor: Victor Manuel <victor@victor.debian>\r\nDate:   Thu Jun 20 08:42:12 2024 -0600\r\n\r\n    ajustes menu responsive\r\n\r\ncommit bc95be99eef133b94bd9ac883e94befddc1dc89c (layout-proyectos)\r\nAuthor: Victor Manuel <victor@victor.debian>\r\nDate:   Tue Jun 18 08:02:46 2024 -0600\r\n\r\n    últimos cambios en vistas\r\n\r\ncommit 086466186d79132cd664253843f90dedd2ff3cb6\r\nAuthor: gomez-victor <gomez.victor@iexe.edu.mx>\r\nDate:   Thu May 16 08:01:41 2024 -0600\r\n\r\n    ajustes para compilar archivos sass\r\n\r\ncommit 9cb60f9768aa6431db8019e93f1702f68e109875 (master)\r\nAuthor: gomez-victor <gomez.victor@iexe.edu.mx>\r\nDate:   Tue May 14 08:17:03 2024 -0600\r\n\r\n    commit inical\r\n(END)\r\n\r\n</gomez.victor@iexe.edu.mx></gomez.victor@iexe.edu.mx></victor@victor.debian></victor@victor.debian></code>\r\n</pre>\r\n<p>Y lo mismo pero más barato :) para simplificar la salida...</p>\r\n<pre class=\"lang-bash\"><code class=\"lang-bash\">\r\ngit log --oneline\r\n</code>\r\n</pre>\r\n<p>Con una salida como esta...</p>\r\n<pre class=\"lang-git\"><code class=\"lang-git\">\r\n466552d (HEAD -&gt; menu-respomsive) ajustes menu responsive\r\nbc95be9 (layout-proyectos) últimos cambios en vistas\r\n0864661 ajustes para compilar archivos sass\r\n9cb60f9 (master) commit inical\r\n\r\n</code>\r\n</pre>\r\n<p>Vemos que es el mismo resultado con menos información del commit, el sha corto, la rama y el mensaje del commit. A partir de aquí podemos ver los cambios hechos en cada commit por ejemplo veamos los cambios hechos a parti del primer commit que aparece en la lista anterior...</p>\r\n<pre class=\"lang-bash\"><code class=\"lang-bash\">\r\ngit log -p --name-only 466552d\r\n</code>\r\n</pre>\r\n<p>Con una salida similar a esta..</p>\r\n<pre class=\"lang-git\"><code class=\"lang-git\">\r\ncommit 466552db077a73806b34df9a66007a1d9cc8db0d (HEAD -&gt; menu-respomsive)\r\nAuthor: Victor Manuel <victor@victor.debian>\r\nDate:   Thu Jun 20 08:42:12 2024 -0600\r\n\r\n    ajustes menu responsive\r\n\r\npublic/css/blog-article.css\r\npublic/css/blog.css\r\npublic/css/main.css\r\npublic/css/portfolio.css\r\npublic/mix-manifest.json\r\nresources/sass/layout/_nav-main.sass\r\nresources/views/site/partials/_nav-main.blade.php\r\nwebpack.mix.js\r\n\r\ncommit bc95be99eef133b94bd9ac883e94befddc1dc89c (layout-proyectos)\r\nAuthor: Victor Manuel <victor@victor.debian>\r\nDate:   Tue Jun 18 08:02:46 2024 -0600\r\n\r\n    últimos cambios en vistas\r\n:\r\n</victor@victor.debian></victor@victor.debian></code>\r\n</pre>','<p>Cuando trabajamos con git para llevar el control de versiones en nuestro proyecto, en ocasiones&nbsp; es necesario saber que archivos...',2,10,'2024-04-26 05:36:54','2024-06-24 09:59:13','ver-archivos-modificados-en-cada-commit','published'),(55,'Instalar archivos .deb','<p>De las cosas más básicas y útiles pero en ocasiones no tan fáciles en los sistemas GNU Linux, es la instalación de algún programa; Dependiendo de la distribución, nos encontraremos con diferentes paquetes&nbsp; pero en&nbsp; esta ocasión nos enfocaremos en los paquetes .deb&nbsp; empleados por debian y sus derivados.</p><p>Como primer paso, nunca esta de mas dar permisos de ejecución al archivo, nos deplazamos hacia la ubicación de este y escribimos el siguiente comando... </p>\r\n<pre class=\"lang-bash\"><code class=\"lang-bash\">chmod +x paquete.deb\r\n</code></pre>\r\n<br>\r\n<p>Existen diferentes formas de lograr el cometido mencionado...</p><h3>Empleando apt<br></h3><p>APT es un gestor de paquetes que funciona como una lista de paquetes que se pueden descargar desde servidores oficiales de debian, pero también nos permite&nbsp; instalar programas de manera local <b>con la desventaja que de forma local no resuelve automáticamente&nbsp; errores de dependencias</b>.</p><p>Como primer paso desde la ubicación de nuestro archivo ejecutamos&nbsp; el&nbsp; siguiente comando...</p>\r\n<pre class=\"lang-shell\"><code class=\"lang-shell\">sudo apt install ./filename.deb\r\n</code></pre>\r\n\r\n<p>Es importante indicar antes del nombre del archivo con ./ que se desea realizar la acción desde la ubicación actual, de lo contrario apt intentará hacer la instalación de manera remota.</p><h3>Empleando dpkg</h3><p>Dpkg es la otra opción que tenemos, la cuál es la base de los gestores de paquetes, por lo cual no cuenta con solución de dependencias de ningún tipo.</p><p>Desde la ubicación de nuestro archivo, este es el comando que necesitamos... </p>\r\n<pre class=\"lang-shell\"><code class=\"lang-shell\">sudo dpkg -i filename.deb\r\n</code></pre>\r\n<h3>Usando gdebi</h3><p>Puede ser tal vez la opción mas confiable debido a la capacidad de resolver dependencias por si solo, del paquete que estas instalando. En debian será necesario instalarlo primero, ya que por defecto no viene instalado...</p>\r\n<pre class=\"lang-shell\"><code class=\"lang-shell\">sudo apt install gdebi\r\n</code></pre>\r\n<p>\r\nUna vez instalado solo bastará ejecutar el siguiente comando desde la ubicación de nuestro archivo...\r\n</p>\r\n<pre class=\"lang-shell\"><code class=\"lang-shell\">sudo gdebi filename.deb\r\n</code></pre>','<p>De las cosas más básicas y útiles pero en ocasiones no tan fáciles en los sistemas GNU Linux, es la instalación de algún...',2,5,'2024-06-27 21:19:24','2024-08-09 21:35:19','instalar-archivos-deb','published'),(56,'Configuracion git ssh para diferentes cuentas','<p>Cuando se presenta la ocasión en que debemos tener dos o más cuentas  de git en github desde el mismo equipo, por una o por otra razón podemos tener presente lo siguiente...</p><p>Después de haber creado las claves ssh como se describe en este <a href=\"https://docs.github.com/en/authentication/connecting-to-github-with-ssh/generating-a-new-ssh-key-and-adding-it-to-the-ssh-agent\" target=\"_blank\">enlace</a> es necesario hacer esto...</p><p>Desde un archivo de configuración para nuestras claves ssh de git, que por lo general se crea en la carpeta .ssh que normalmente se encuentra en...</p>\r\n<pre lang=\"bash\"><code lang=\"bash\">\r\n~/.ssh/\r\n</code>\r\n</pre>\r\n<p>En esa ubicación crearemos un archivo de nombre config, con el siguiente contenido ( suponiendo que tenemos dos cuentas diferentes en github )... </p>\r\n<pre lang=\"bash\"><code lang=\"bash\">\r\n #cuenta uno\r\n Host github.com-gomez-victor\r\n          HostName github.com\r\n          User git\r\n          IdentityFile ~/.ssh/gomez-victor\r\n\r\n  #cuenta dos\r\n  Host github.com-el-tio-victor\r\n          HostName github.com\r\n          User git\r\n          IdentityFile ~/.ssh/el-tio-victor\r\n</code>\r\n</pre>\r\n<p>Ahora en nuestro equipo tenemos la configuración ssh para dos cuentas diferentes de git. Solo queda configurar nuestro repositorio o clonarlo si aún no lo tenemos en \r\n local.</p><p>Para clonar un repositorio usando alguna de las cuentas de nuestro archivo config,  por ejemplo usando la primera, sería algo así...</p>\r\n<pre lang=\"git\"><code lang=\"git\">\r\ngit clone git@github.com-gomez-victor:cuentaGit/micodigo.git\r\n</code>\r\n</pre>\r\n<ol><li><b>git clone</b> es el comando de git para clonar repositorios remotos.</li><li><b>git@github.com-gomez-victor</b> es la configuración de la cuenta en  nuestro archivo config.</li><li><b>cuentaGit/micodigo.git</b> cuenta y repositorio del que clonaremos el repositorio.<br></li></ol>\r\n<p>Después de este comando sí  la configuración fue correcta, el repositorio ya se encuentra en nuestro local. <br>Ahora solo queda configurar en nuestro repositorio local, el repositorio remoto con el siguiente comando... </p>\r\n<pre><code lang=\"git\"> git remote add [nombre] [url] </code></pre>\r\n<p> Y para ejemplos prácticos retomando nuestra configuración ssh sería de la siguiente forma... </p>\r\n<pre><code lang=\"git\"> \r\ngit remote add origin git@github.com-gomez-victor:cuentaGit/micodigo.git \r\n</code></pre>','<p>Cuando se presenta la ocasión en que debemos tener dos o más cuentas  de git en github desde el mismo equipo, por una o por...',2,10,'2024-12-11 21:13:58','2024-12-25 02:21:18','configuracion-git-ssh-para-diferentes-cuentas','published'),(64,'Generar un apk en flutter','<p>Para generar un apk de tu proyecto en flutter para Android, sin firmar para instalar en algún dispositivo a modo de prueba, emplearemos el siguiente comando...</p>\r\n<pre><code>\r\nflutter build apk  --split-per-abi\r\n</code>\r\n</pre>\r\n<p>La bandera --split-per-abi nos generará  archivos diferentes optimizados para distintos propósitos....</p><ul><li><b>app-armeabi-v7a-release.apk</b> para equipos móviles antiguos.</li><li><b>app-armeabi-v8a-release.apk</b> para equipos móviles mas recientes.</li><li><b>app-x86_64-release.apk</b> para otro tipo de equipos Android.</li><li><b>app-debug.apk</b> este archivo es optimizado para los equipos descritos anteriormente pero por lo mismo es mucho más pesado.</li></ul><p>Estos archivos generados los encontrarás dentro de tu proyecto en /<b>build/app/outputs/flutter-apk</b></p>','<p>Para generar un apk de tu proyecto en flutter para Android, sin firmar para instalar en algún dispositivo a modo de prueba, emplearemos...',2,8,'2025-04-19 06:45:03','2025-04-19 07:06:10','generar-un-apk-en-flutter','published'),(65,'Sencilla animación bounce con AnimatedContainer en flutter','<p>Dentro del mundo de las animaciones,<b> bounce</b> consiste en el movimiento repetido &nbsp;de arriba hacia abajo de un elemento simulando el efecto de rebote &nbsp;de una pelota. Una animación muy sencilla y popular, a continuación veremos como crearla en flutter.</p><p>Como todo en todo, existen miles de maneras de hacer una cosa y para este ejemplo haremos uso del widget AnimatedContainer, que como su nombre lo indica, es la versión animada de su hermano Container, que automáticamente anima el cambio entre los valores previos y los nuevos.&nbsp;</p><p>Tomando como base un código ya trabajado el resultado que se obtiene al final, es algo similar a esto..</p><p><img class=\"img-fluid\" src=\"/images/articles/generals/04-2025/generals_1745435881.webp\" style=\"width: 250px;\"></p><p>A Comencemos con la estructura del código; Es necesario que nuestro AnimatedContainer lo coloquemos en otro widget que nos sirva como contenedor para darle espacio y \"sostén\" logrando que solo se mueva arriba y abajo, que no se extienda y mueva el resto de elementos...</p>\r\n<pre class=\"lang-dart\"><code class=\"lang-dart\">\r\nContainer(\r\n      padding: EdgeInsets.all(3),\r\n      alignment: Alignment(0, 0),\r\n      width: double.infinity,\r\n      height: 110,\r\n      color: Colors.transparent,\r\n      \r\n      child: //Aqui va nuestro Animated container\r\n}\r\n</code></pre>\r\n<p>Pero el protagonista de nuestro post, AnimatedContainer es el encargado de administrar la magia...&nbsp;</p>\r\n<pre class=\"lang-dart\"><code class=\"lang-dart\">\r\nAnimatedContainer(\r\n        duration: Duration(milliseconds: 500),\r\n        curve: Curves.bounceOut,\r\n        height: _height, //*** alto dinámico \r\n        decoration: BoxDecoration(\r\n          boxShadow:[ BoxShadow( \r\n            color: const Color.fromARGB(127, 6, 44, 78), // Color de la sombra con opacidad \r\n            spreadRadius: _sizeShadow, //*** Expansión de la sombra dinámico \r\n            blurRadius: _sizeShadow, //*** Suavidad de la sombra dinámica \r\n            offset: Offset(-1, 1), // Dirección de la sombra (X, Y) \r\n            ), ],\r\n          borderRadius: BorderRadius.all( Radius.circular(8)),\r\n          border: Border.all(color: getColorText()!.withAlpha(100)),\r\n          color: const Color.fromRGBO(251, 193, 11, 1)\r\n        ),\r\n        child: //Aca se agrega todo el contenido del elemento\r\n)\r\n</code></pre>\r\n<p><br></p><p>Dentro del código de nuestro elemento central, como lo dijimos anteriormente es un container cualquiera (mismas propiedades ) pero se comporta de manera animada ante algún cambio; En nuestro caso la propiedad <b>height</b> (alto del elemento), <b>spreadRadius</b>( tamaño de la sombra ) y <b>blurRadius</b>( suavidad de la sombra). Me parece necesario (y con el temor de verme necio) hacer hincapié &nbsp;en que para ver algún tipo de efecto es necesario aplicar un cambio en alguna de sus propiedades, para ello será &nbsp;necesario hacer uso de los estados del widget.</p><p>Supongamos que tenemos un widget state ful y dentro tenemos nuestras propiedades dinámicas y manejo del estado...&nbsp;</p>\r\n<pre class=\"lang-dart\"><code class=\"lang-dart\">\r\nclass PaymentCard extends StatefulWidget {\r\n\r\n  PaymentCard({\r\n    super.key, \r\n    \r\n    });\r\n\r\n  @override\r\n  State<paymentcard> createState() =&gt; _PaymentCardState();\r\n}\r\n\r\nclass _PaymentCardState extends State<paymentcard> {\r\n  //se inicializan las variables de las proas dinámicas\r\n  double _height = 96;\r\n  double _sizeShadow = 0;\r\n  \r\n  //Esta función se manda llamar al hacer tap ene el botón\r\n  void _startBounceAnimation() {\r\n    setState(() {\r\n      _height = 123.0; \r\n      _sizeShadow = 5;\r\n    });\r\n\r\n    Future.delayed(Duration(milliseconds: 150), () {\r\n      setState(() {\r\n        _height = 96.0; // Reset the height after the bounce animation\r\n        _sizeShadow = 0;\r\n      });\r\n    });\r\n  }\r\n\r\n}\r\n</paymentcard></paymentcard></code></pre>\r\n<p>El código es sencillo... <br> En un principio se inicializaran las variables que dan el valor inicial de nuestro container.</p>\r\n<pre class=\"lang-dart\"><code class=\"lang-dart\">class _PaymentCardState extends State<paymentcard> {\r\n  //se inicializan las variables de las proas dinámicas\r\n  double _height = 96;\r\n  double _sizeShadow = 0;\r\n</paymentcard></code></pre>\r\n<p>Y la función que cambiará el estado y lo regresará a su estado inicial con un delay</p>\r\n<pre class=\"lang-dart\"><code class=\"lang-dart\">void _startBounceAnimation() {\r\n    setState(() {\r\n      height = 123.0; \r\n      sizeShadow = 5;\r\n    });\r\n\r\n    Future.delayed(Duration(milliseconds: 150), () {\r\n      setState(() {\r\n        height = 96.0; // Reset the height after the bounce animation\r\n        sizeShadow = 0;\r\n      });\r\n    });\r\n  }\r\n</code></pre>\r\n<p>Desde el evento del botón...</p>\r\n<pre class=\"lang-dart\"><code class=\"lang-dart\">TextButton(\r\n  style: ButtonStyle(\r\n    splashFactory: NoSplash.splashFactory //para quitar la animación del botón y no sobrecargar visualmente\r\n  ),\r\n  onPressed: () {\r\n     _startBounceAnimation();\r\n   }, \r\n   child: //contenido del botón\r\n)\r\n</code></pre>\r\n<p><b><br></b></p><p><b>Nota:</b> este no es código completo del resultado de la imagen, es solo la parte medular de la animación.<br>Quizá no sea propiamente una animación bounce, pero nos sirve un poco para darle un vistazo al widget AnimatedContainer.</p>','<p>Dentro del mundo de las animaciones,<b> bounce</b> consiste en el movimiento repetido &nbsp;de arriba hacia abajo de un elemento...',2,8,'2025-04-23 23:39:52','2025-06-04 21:54:13','sencilla-animacion-bounce-con-animatedcontainer-en-flutter','published'),(66,'Editar archivos remotos con VIM y SCP','<p>Cuando tenemos &nbsp;configurado nuestro vim de manera caprichosa, queremos abrir con el cualquier archivo, incluso los que no están en nuestro equipo de manera local. &nbsp;No es agradable tener que abrir un archivo con un editor vim plano. Para esto tenemos dos opciones, copiar nuestra configuración vim en cada maquina en la que abrimos un archivo o la otra abrir el archivo remoto en nuestra maquina con scp y vim.</p><p>Desde hace ya algunas versiones &nbsp;vim trae nativamente un plugin llamado <b>Netrw </b>que básicamente es un navegador de archivos, &nbsp;del cual también hecharemos mano, ya que lo mas probable es que tengas algún plugin &nbsp;como <b>NERDTree</b> pero lamentablemente no se podrá usar para la navegación remota y visualización de archivos.</p><p>Pero vamos por partes el protocolo SCP es u protocólo empleado para transferir archivos de manera segura utilizando el protocolo SSH con el siguiente comando&nbsp;</p>\r\n<pre class=\"lang-bash\"><code class=\"lang-bash\">\r\nvim scp://user@myserver[:port]//path/to/file.txt\r\n</code>\r\n</pre>\r\n<p>Así pues para conectarnos por ejemplo a algun recurso de mi server sería algo como esto:&nbsp;</p>\r\n<pre class=\"lang-bash\"><code class=\"lang-bash\">\r\nvim scp://m1Usuar1o@gomez-site.mx//home/dev/algunArchivo.txt\r\n</code></pre>\r\n<p>De esta manera se esta usando el usuario ssh para conectar al servidor, es recomendable el uso de llaves ssh para evitar el tener que ingresar contraseñas.\r\nUna vez que vim abre el archivo, lo que realmente hace detrás de escena es traerse el archivo remoto y hacer una copia en la carpeta /temp y es sobre el cual se hace la edición; Una vez se guarda los cambios, estos son aplicados primero al &nbsp;archivo local para luego ser enviados al remoto por scp.</p><p>Explicada así la primer parte el editor vim abrira el archivo señalado o en su defecto si fue un directorio el que indicaste en el comando se abrirá con Netrw., Lo que nos lleva a la segunda parte...</p><p><b>Netrw</b> es el explorador de archivos por defecto de vim, no es muy popular pero en tu vim ahí esta sin instalar nada. Al abrir el explorador vemos que tiene una interfaz no muy pulida un banner con información general y el listado de archivos del directorio actual.</p><p>La parte medular del explorador es el comando <b>:Explore </b>el cual al ser invocado sin argumentos despliega el navegador en la carpeta actual, de lo contrario es posible pasarle la ruta a un directorio dado.</p><p>Las posibilidades del Netrw son muy amplias y no vamos a profundizar en el tema, solo nos quedaremos con lo básico que es lo que ya vimos.</p><p>  </p>','<p>Cuando tenemos &nbsp;configurado nuestro vim de manera caprichosa, queremos abrir con el cualquier archivo, incluso los que no...',2,5,'2025-06-24 06:55:41','2025-06-27 03:10:52','editar-archivos-remotos-con-vim-y-scp','published');
/*!40000 ALTER TABLE `articles` ENABLE KEYS */;
UNLOCK TABLES;

--
-- Table structure for table `categories`
--

DROP TABLE IF EXISTS `categories`;
/*!40101 SET @saved_cs_client     = @@character_set_client */;
/*!40101 SET character_set_client = utf8mb4 */;
CREATE TABLE `categories` (
  `id` int(10) unsigned NOT NULL AUTO_INCREMENT,
  `name` varchar(150) NOT NULL,
  `created_at` timestamp NULL DEFAULT NULL,
  `updated_at` timestamp NULL DEFAULT NULL,
  `category_slug` varchar(45) DEFAULT NULL,
  PRIMARY KEY (`id`)
) ENGINE=InnoDB AUTO_INCREMENT=12 DEFAULT CHARSET=utf8mb4 COLLATE=utf8mb4_unicode_ci;
/*!40101 SET character_set_client = @saved_cs_client */;

--
-- Dumping data for table `categories`
--

LOCK TABLES `categories` WRITE;
/*!40000 ALTER TABLE `categories` DISABLE KEYS */;
INSERT INTO `categories` (`id`, `name`, `created_at`, `updated_at`, `category_slug`) VALUES (4,'Gomez-Site','2018-04-20 05:27:37','2018-04-20 05:27:37','gomez-site'),(5,'Linux','2018-04-20 05:27:47','2018-04-20 05:27:47','linux'),(8,'Desarrollo móvil',NULL,'2025-04-19 02:41:52','desarrollo-web'),(9,'Solid Works','2020-07-06 19:13:02','2020-07-06 19:13:02','solid-works'),(10,'Programación','2022-04-05 21:48:40','2022-04-05 21:48:40','programacion'),(11,'fgfg','2025-04-19 02:40:50','2025-04-19 02:40:50','fgfg');
/*!40000 ALTER TABLE `categories` ENABLE KEYS */;
UNLOCK TABLES;

--
-- Table structure for table `categoriesWork`
--

DROP TABLE IF EXISTS `categoriesWork`;
/*!40101 SET @saved_cs_client     = @@character_set_client */;
/*!40101 SET character_set_client = utf8mb4 */;
CREATE TABLE `categoriesWork` (
  `id` int(11) NOT NULL AUTO_INCREMENT,
  `categoryWork_name` varchar(45) NOT NULL,
  `categoryWork_slug` varchar(45) DEFAULT NULL,
  PRIMARY KEY (`id`),
  UNIQUE KEY `categoriesWork_id_UNIQUE` (`categoryWork_name`)
) ENGINE=InnoDB AUTO_INCREMENT=5 DEFAULT CHARSET=utf8mb3 COLLATE=utf8mb3_general_ci;
/*!40101 SET character_set_client = @saved_cs_client */;

--
-- Dumping data for table `categoriesWork`
--

LOCK TABLES `categoriesWork` WRITE;
/*!40000 ALTER TABLE `categoriesWork` DISABLE KEYS */;
INSERT INTO `categoriesWork` (`id`, `categoryWork_name`, `categoryWork_slug`) VALUES (2,'DESARROLLO WEB','desarrollo-web'),(3,'DESARROLLO','desarrollo'),(4,'PEN','pen');
/*!40000 ALTER TABLE `categoriesWork` ENABLE KEYS */;
UNLOCK TABLES;

--
-- Table structure for table `images`
--

DROP TABLE IF EXISTS `images`;
/*!40101 SET @saved_cs_client     = @@character_set_client */;
/*!40101 SET character_set_client = utf8mb4 */;
CREATE TABLE `images` (
  `id` int(10) unsigned NOT NULL AUTO_INCREMENT,
  `name` varchar(255) NOT NULL,
  `created_at` timestamp NULL DEFAULT NULL,
  `updated_at` timestamp NULL DEFAULT NULL,
  PRIMARY KEY (`id`)
) ENGINE=InnoDB AUTO_INCREMENT=158 DEFAULT CHARSET=utf8mb4 COLLATE=utf8mb4_unicode_ci;
/*!40101 SET character_set_client = @saved_cs_client */;

--
-- Dumping data for table `images`
--

LOCK TABLES `images` WRITE;
/*!40000 ALTER TABLE `images` DISABLE KEYS */;
INSERT INTO `images` (`id`, `name`, `created_at`, `updated_at`) VALUES (11,'blog_1521490232.png','2018-03-19 20:10:32','2018-03-19 20:10:32'),(12,'blog_1521603456.png','2018-03-21 03:37:36','2018-03-21 03:37:36'),(13,'blog_1521647697.jpeg','2018-03-21 15:54:57','2018-03-21 15:54:57'),(14,'blog_1521647856.png','2018-03-21 15:57:36','2018-03-21 15:57:36'),(15,'blog_1521648506.jpeg','2018-03-21 16:08:26','2018-03-21 16:08:26'),(16,'work_1521670955.png','2018-03-21 22:22:35','2018-03-21 22:22:35'),(17,'work_1521671190.png','2018-03-21 22:26:30','2018-03-21 22:26:30'),(18,'work_1521671324.png','2018-03-21 22:28:44','2018-03-21 22:28:44'),(19,'work_1521671784.png','2018-03-21 22:36:24','2018-03-21 22:36:24'),(20,'work_1521671945.png','2018-03-21 22:39:05','2018-03-21 22:39:05'),(21,'work_1521672706.png','2018-03-21 22:51:46','2018-03-21 22:51:46'),(22,'work_1521672873.png','2018-03-21 22:54:34','2018-03-21 22:54:34'),(23,'work_1521672907.png','2018-03-21 22:55:07','2018-03-21 22:55:07'),(24,'work_1521827988.jpg','2018-03-23 17:59:49','2018-03-23 17:59:49'),(25,'work_1521848968.jpg','2018-03-23 23:49:28','2018-03-23 23:49:28'),(26,'blog_1522283099.png','2018-03-29 00:24:59','2018-03-29 00:24:59'),(27,'blog_1522283209.png','2018-03-29 00:26:49','2018-03-29 00:26:49'),(28,'blog_1522283701.jpg','2018-03-29 00:35:01','2018-03-29 00:35:01'),(29,'work_1522796530.jpg','2018-04-03 23:02:10','2018-04-03 23:02:10'),(30,'blog_1523546848.jpg','2018-04-12 15:27:28','2018-04-12 15:27:28'),(31,'blog_1524177323.jpg','2018-04-20 05:35:23','2018-04-20 05:35:23'),(32,'blog_1524181395.jpg','2018-04-20 06:43:15','2018-04-20 06:43:15'),(33,'blog_1524669574.jpg','2018-04-25 22:19:35','2018-04-25 22:19:35'),(34,'blog_1525112360.jpg','2018-05-01 01:19:20','2018-05-01 01:19:20'),(35,'blog_1525713611.jpg','2018-05-08 00:20:11','2018-05-08 00:20:11'),(36,'blog_1525817440.jpg','2018-05-09 05:10:40','2018-05-09 05:10:40'),(37,'blog_1527186040.jpg','2018-05-25 01:20:40','2018-05-25 01:20:40'),(38,'blog_1527613258.png','2018-05-30 00:00:58','2018-05-30 00:00:58'),(39,'blog_1527781654.jpg','2018-05-31 22:47:34','2018-05-31 22:47:34'),(40,'blog_1527813093.png','2018-06-01 07:31:33','2018-06-01 07:31:33'),(41,'work_1529088698.jpg','2018-06-16 01:51:38','2018-06-16 01:51:38'),(42,'blog_1529261707.png','2018-06-18 01:55:08','2018-06-18 01:55:08'),(43,'blog_1529535052.png','2018-06-21 05:50:52','2018-06-21 05:50:52'),(44,'blog_1530219779.png','2018-06-29 04:02:59','2018-06-29 04:02:59'),(45,'blog_1530746125.png','2018-07-05 06:15:25','2018-07-05 06:15:25'),(46,'blog_1531518720.png','2018-07-14 04:52:00','2018-07-14 04:52:00'),(47,'blog_1532455556.png','2018-07-25 01:05:56','2018-07-25 01:05:56'),(48,'blog_1532991428.png','2018-07-31 05:57:08','2018-07-31 05:57:08'),(49,'blog_1533676096.png','2018-08-08 04:08:16','2018-08-08 04:08:16'),(50,'blog_1537905758.png','2018-09-26 03:02:38','2018-09-26 03:02:38'),(51,'blog_1537993061.png','2018-09-27 03:17:41','2018-09-27 03:17:41'),(52,'work_1538692168.jpg','2018-10-05 05:29:29','2018-10-05 05:29:29'),(53,'work_1539123694.jpg','2018-10-10 05:21:34','2018-10-10 05:21:34'),(54,'work_1539125023.jpg','2018-10-10 05:43:43','2018-10-10 05:43:43'),(55,'work_1539125509.jpg','2018-10-10 05:51:49','2018-10-10 05:51:49'),(56,'work_1539126183.jpg','2018-10-10 06:03:03','2018-10-10 06:03:03'),(57,'blog_1539357114.png','2018-10-12 22:11:54','2018-10-12 22:11:54'),(58,'blog_1539896303.png','2018-10-19 03:58:23','2018-10-19 03:58:23'),(59,'blog_1540591068.png','2018-10-27 04:57:49','2018-10-27 04:57:49'),(60,'blog_1541110075.png','2018-11-02 05:07:56','2018-11-02 05:07:56'),(61,'blog_1566513425.png','2019-08-23 05:37:05','2019-08-23 05:37:05'),(62,'blog_1576546562.png','2019-12-17 08:36:03','2019-12-17 08:36:03'),(63,'work_1591989659.jpg','2020-06-12 19:20:59','2020-06-12 19:20:59'),(64,'work_1592320172.png','2020-06-16 15:09:32','2020-06-16 15:09:32'),(65,'work_1592348528.jpg','2020-06-16 23:02:08','2020-06-16 23:02:08'),(66,'work_1592349750.jpg','2020-06-16 23:22:30','2020-06-16 23:22:30'),(67,'work_1594925739.png','2020-07-16 18:55:39','2020-07-16 18:55:39'),(68,'work_1594926138.png','2020-07-16 19:02:18','2020-07-16 19:02:18'),(69,'work_1594931077.png','2020-07-16 20:24:37','2020-07-16 20:24:37'),(70,'work_1594931077.png','2020-07-16 20:24:37','2020-07-16 20:24:37'),(71,'work_1594931665.png','2020-07-16 20:34:25','2020-07-16 20:34:25'),(72,'work_1594931665.png','2020-07-16 20:34:25','2020-07-16 20:34:25'),(73,'work_1594931665.png','2020-07-16 20:34:25','2020-07-16 20:34:25'),(74,'work_1594931665.png','2020-07-16 20:34:25','2020-07-16 20:34:25'),(75,'work_1594935883.png','2020-07-16 21:44:43','2020-07-16 21:44:43'),(76,'work_1594936033.png','2020-07-16 21:47:13','2020-07-16 21:47:13'),(77,'work_1594936097.png','2020-07-16 21:48:17','2020-07-16 21:48:17'),(78,'work_1594937231.png','2020-07-16 22:07:12','2020-07-16 22:07:12'),(79,'work_5f10cf9023db4.png','2020-07-16 22:07:12','2020-07-16 22:07:12'),(80,'work_5f10cf9028158.png','2020-07-16 22:07:12','2020-07-16 22:07:12'),(81,'work_5f10cf902e7c6.png','2020-07-16 22:07:12','2020-07-16 22:07:12'),(82,'work_1595010263.png','2020-07-17 18:24:23','2020-07-17 18:24:23'),(83,'work_5f11ecd7baed6.png','2020-07-17 18:24:23','2020-07-17 18:24:23'),(84,'work_5f11ecd7c4090.png','2020-07-17 18:24:23','2020-07-17 18:24:23'),(85,'work_5f11ecd7c9ada.png','2020-07-17 18:24:23','2020-07-17 18:24:23'),(86,'work_1595017489.png','2020-07-17 20:24:49','2020-07-17 20:24:49'),(87,'work_5f12091158a6f.png','2020-07-17 20:24:49','2020-07-17 20:24:49'),(88,'work_5f12091160bf5.png','2020-07-17 20:24:49','2020-07-17 20:24:49'),(89,'work_5f12091167b99.png','2020-07-17 20:24:49','2020-07-17 20:24:49'),(90,'work_5f12091170e02.png','2020-07-17 20:24:49','2020-07-17 20:24:49'),(91,'work_1596914319.png','2020-08-08 19:18:39','2020-08-08 19:18:39'),(92,'work_1597082041.png','2020-08-10 17:54:01','2020-08-10 17:54:01'),(93,'work_5f3189b9d85fa.png','2020-08-10 17:54:01','2020-08-10 17:54:01'),(94,'work_5f3189b9e23db.png','2020-08-10 17:54:01','2020-08-10 17:54:01'),(95,'work_5f3189b9f1e80.png','2020-08-10 17:54:02','2020-08-10 17:54:02'),(96,'work_1597082664.png','2020-08-10 18:04:24','2020-08-10 18:04:24'),(97,'work_1597352153.png','2020-08-13 20:55:53','2020-08-13 20:55:53'),(98,'work_5f35a8d9637a9.png','2020-08-13 20:55:53','2020-08-13 20:55:53'),(99,'work_5f35a8d96bd6e.png','2020-08-13 20:55:53','2020-08-13 20:55:53'),(100,'work_5f35a8d97495d.png','2020-08-13 20:55:53','2020-08-13 20:55:53'),(101,'work_1597861812.png','2020-08-20 01:30:12','2020-08-20 01:30:12'),(102,'work_5f3d6fb4e62ef.png','2020-08-20 01:30:12','2020-08-20 01:30:12'),(103,'work_5f3d6fb4e6cb1.png','2020-08-20 01:30:12','2020-08-20 01:30:12'),(104,'work_5f3d6fb4e76a0.png','2020-08-20 01:30:12','2020-08-20 01:30:12'),(105,'work_5f3d6fb4e85a8.png','2020-08-20 01:30:12','2020-08-20 01:30:12'),(106,'work_5f3d6fb4e93ab.png','2020-08-20 01:30:12','2020-08-20 01:30:12'),(107,'work_5f3d6fb4ea085.png','2020-08-20 01:30:12','2020-08-20 01:30:12'),(108,'work_5f3d6fb4eaae0.png','2020-08-20 01:30:12','2020-08-20 01:30:12'),(109,'work_5f3d6fb4ec792.png','2020-08-20 01:30:12','2020-08-20 01:30:12'),(110,'work_5f3d6fb4ed579.png','2020-08-20 01:30:12','2020-08-20 01:30:12'),(111,'work_1597937437.png','2020-08-20 22:30:37','2020-08-20 22:30:37'),(112,'work_1598036419.png','2020-08-22 02:00:19','2020-08-22 02:00:19'),(113,'work_5f4019c36a756.png','2020-08-22 02:00:19','2020-08-22 02:00:19'),(114,'work_5f4019c379d76.png','2020-08-22 02:00:19','2020-08-22 02:00:19'),(115,'work_5f4019c37c387.png','2020-08-22 02:00:19','2020-08-22 02:00:19'),(116,'work_5f4019c37eab6.png','2020-08-22 02:00:19','2020-08-22 02:00:19'),(117,'work_5f4019c381201.png','2020-08-22 02:00:19','2020-08-22 02:00:19'),(118,'work_5f4019c383258.png','2020-08-22 02:00:19','2020-08-22 02:00:19'),(119,'work_1599849655.png','2020-09-12 01:40:55','2020-09-12 01:40:55'),(120,'work_1599863647.mp4','2020-09-12 05:34:11','2020-09-12 05:34:11'),(121,'work_5f5bfb6333952.png','2020-09-12 05:34:11','2020-09-12 05:34:11'),(122,'work_5f5bfb63344f5.png','2020-09-12 05:34:11','2020-09-12 05:34:11'),(123,'work_5f5bfb6334f73.png','2020-09-12 05:34:11','2020-09-12 05:34:11'),(124,'work_5f5bfb6335b9a.png','2020-09-12 05:34:11','2020-09-12 05:34:11'),(125,'work_5f5bfb6336d93.png','2020-09-12 05:34:11','2020-09-12 05:34:11'),(126,'work_5f5bfb63377fb.png','2020-09-12 05:34:11','2020-09-12 05:34:11'),(127,'work_5f5bfb633892c.png','2020-09-12 05:34:11','2020-09-12 05:34:11'),(128,'work_5f5bfb63394b2.png','2020-09-12 05:34:11','2020-09-12 05:34:11'),(129,'work_5f5bfb633a470.png','2020-09-12 05:34:11','2020-09-12 05:34:11'),(130,'blog_1600719799.png','2020-09-22 03:23:19','2020-09-22 03:23:19'),(131,'work_1601060095.png','2020-09-26 01:54:56','2020-09-26 01:54:56'),(132,'work_5f6e3d001380f.png','2020-09-26 01:54:56','2020-09-26 01:54:56'),(133,'work_5f6e3d00141a5.png','2020-09-26 01:54:56','2020-09-26 01:54:56'),(134,'work_5f6e3d0014b4d.png','2020-09-26 01:54:56','2020-09-26 01:54:56'),(135,'blog_1602283217.png','2020-10-10 05:40:17','2020-10-10 05:40:17'),(136,'blog_1602961396.png','2020-10-18 02:03:17','2020-10-18 02:03:17'),(137,'blog_1612455020.png','2021-02-04 23:10:20','2021-02-04 23:10:20'),(138,'blog_1615085279.png','2021-03-07 09:47:59','2021-03-07 09:47:59'),(139,'blog_1616295730.png','2021-03-21 10:02:10','2021-03-21 10:02:10'),(140,'blog_1617580679.png','2021-04-05 06:57:59','2021-04-05 06:57:59'),(141,'blog_1619377732.png','2021-04-26 02:08:52','2021-04-26 02:08:52'),(142,'blog_1620584499.png','2021-05-10 01:21:39','2021-05-10 01:21:39'),(143,'blog_1621209257.png','2021-05-17 06:54:17','2021-05-17 06:54:17'),(144,'blog_1622945602.png','2021-06-06 09:13:22','2021-06-06 09:13:22'),(145,'blog_1627339414.png','2021-07-27 05:43:34','2021-07-27 05:43:34'),(146,'work_1633910147.png','2021-10-11 06:55:47','2021-10-11 06:55:47'),(147,'blog_1649965979.png','2022-04-15 02:52:59','2022-04-15 02:52:59'),(148,'work_1658161164.png','2022-07-18 23:19:24','2022-07-18 23:19:24'),(149,'blog_1658337336.png','2022-07-21 00:15:36','2022-07-21 00:15:36'),(150,'blog_1680569967.jpg','2023-04-04 07:59:27','2023-04-04 07:59:27'),(151,'work_1684432004.png','2023-05-19 00:46:44','2023-05-19 00:46:44'),(152,'blog_1714084614.jpg','2024-04-26 05:36:54','2024-04-26 05:36:54'),(153,'blog_1719497964.png','2024-06-27 21:19:24','2024-06-27 21:19:24'),(154,'blog_1745007274.png','2025-04-19 03:14:34','2025-04-19 03:14:34'),(155,'blog_1745007484.png','2025-04-19 03:18:04','2025-04-19 03:18:04'),(156,'blog_1745017792.png','2025-04-19 06:09:52','2025-04-19 06:09:52'),(157,'blog_1745019903.png','2025-04-19 06:45:03','2025-04-19 06:45:03');
/*!40000 ALTER TABLE `images` ENABLE KEYS */;
UNLOCK TABLES;

--
-- Table structure for table `migrations`
--

DROP TABLE IF EXISTS `migrations`;
/*!40101 SET @saved_cs_client     = @@character_set_client */;
/*!40101 SET character_set_client = utf8mb4 */;
CREATE TABLE `migrations` (
  `id` int(10) unsigned NOT NULL AUTO_INCREMENT,
  `migration` varchar(255) NOT NULL,
  `batch` int(11) NOT NULL,
  PRIMARY KEY (`id`)
) ENGINE=InnoDB AUTO_INCREMENT=24 DEFAULT CHARSET=utf8mb4 COLLATE=utf8mb4_unicode_ci;
/*!40101 SET character_set_client = @saved_cs_client */;

--
-- Dumping data for table `migrations`
--

LOCK TABLES `migrations` WRITE;
/*!40000 ALTER TABLE `migrations` DISABLE KEYS */;
INSERT INTO `migrations` (`id`, `migration`, `batch`) VALUES (8,'2014_10_12_000000_create_users_table',1),(9,'2014_10_12_100000_create_password_resets_table',1),(10,'2018_02_07_231822_add_categories_table',1),(11,'2018_02_07_232923_add_articles_table',1),(12,'2018_02_07_234320_add_images_table',1),(13,'2018_02_07_234855_add_tags_table',1),(14,'2018_02_09_215924_add_slugg_to_article',1),(15,'2018_03_15_222559_add_works_table',2),(16,'2018_03_15_231605_add_row_images',3),(17,'2018_03_19_161835_create_article_image',4),(18,'2018_03_19_164341_add_relations_article_image',5),(19,'2018_03_19_171324_create_work_image',6),(20,'2018_04_05_160818_add_row_url_table_works',7),(21,'2018_04_05_170224_add_null_to_field_url',8),(22,'2018_04_05_170529_add_null_to_field_url_1',9),(23,'2018_09_26_190042_create_column_status_table_articles',10);
/*!40000 ALTER TABLE `migrations` ENABLE KEYS */;
UNLOCK TABLES;

--
-- Table structure for table `password_resets`
--

DROP TABLE IF EXISTS `password_resets`;
/*!40101 SET @saved_cs_client     = @@character_set_client */;
/*!40101 SET character_set_client = utf8mb4 */;
CREATE TABLE `password_resets` (
  `email` varchar(70) NOT NULL,
  `token` varchar(255) NOT NULL,
  `created_at` timestamp NULL DEFAULT NULL,
  KEY `password_resets_email_index` (`email`)
) ENGINE=InnoDB DEFAULT CHARSET=utf8mb4 COLLATE=utf8mb4_unicode_ci;
/*!40101 SET character_set_client = @saved_cs_client */;

--
-- Dumping data for table `password_resets`
--

LOCK TABLES `password_resets` WRITE;
/*!40000 ALTER TABLE `password_resets` DISABLE KEYS */;
INSERT INTO `password_resets` (`email`, `token`, `created_at`) VALUES ('vbenton1999@gmail.com','$2y$10$9PTYInBsi3Z6Pbt/7QZp1uaW83QSp2oVLGBINw.EWKMjc1GGmDtwO','2024-11-01 16:13:58'),('rodriguez_kelly1998@aol.com','$2y$10$ZkmUXjtFJjNBRfQFy6HPiuCBhUdpElT14poPXhHk7BXPjeDJB8soW','2024-11-05 09:42:36');
/*!40000 ALTER TABLE `password_resets` ENABLE KEYS */;
UNLOCK TABLES;

--
-- Table structure for table `tags`
--

DROP TABLE IF EXISTS `tags`;
/*!40101 SET @saved_cs_client     = @@character_set_client */;
/*!40101 SET character_set_client = utf8mb4 */;
CREATE TABLE `tags` (
  `id` int(10) unsigned NOT NULL AUTO_INCREMENT,
  `name` varchar(255) NOT NULL,
  `created_at` timestamp NULL DEFAULT NULL,
  `updated_at` timestamp NULL DEFAULT NULL,
  `tag_slug` varchar(45) DEFAULT NULL,
  PRIMARY KEY (`id`)
) ENGINE=InnoDB AUTO_INCREMENT=37 DEFAULT CHARSET=utf8mb4 COLLATE=utf8mb4_unicode_ci;
/*!40101 SET character_set_client = @saved_cs_client */;

--
-- Dumping data for table `tags`
--

LOCK TABLES `tags` WRITE;
/*!40000 ALTER TABLE `tags` DISABLE KEYS */;
INSERT INTO `tags` (`id`, `name`, `created_at`, `updated_at`, `tag_slug`) VALUES (2,'Sistemas Operativos','2018-05-02 04:41:51','2018-05-02 04:41:51','sistemas-operativos'),(3,'Básico','2018-05-08 00:20:42','2018-05-08 00:23:34','basico'),(4,'HTML','2018-05-31 23:53:45','2018-05-31 23:53:45','html'),(5,'Sistemas Operativos1','2018-05-31 23:53:55','2023-11-09 05:36:04','css'),(6,'Selectores Css','2018-06-01 07:44:57','2018-06-01 07:44:57','selectores-css'),(7,'Editor vi','2018-06-18 03:12:51','2018-06-18 03:12:51','editor-vi'),(8,'display CSS','2018-10-13 08:00:36','2018-10-13 08:00:36','display-css'),(9,'Editor vim','2018-10-19 03:54:56','2018-10-19 03:54:56','editor-vim'),(10,'Flexbox','2018-10-29 06:31:15','2018-10-29 06:31:15','flexbox'),(11,'PHP','2019-08-23 05:29:59','2019-08-23 05:29:59','php'),(12,'PROGRAMACIÓN','2019-08-23 05:30:34','2019-08-23 05:30:34','programacion'),(13,'FIRMA E-MAIL','2019-12-17 08:27:05','2019-12-17 08:27:05','firma-e-mail'),(14,'pepin','2020-06-02 17:05:12','2020-06-02 17:05:12','pepin'),(15,'Debian','2020-09-22 03:49:48','2020-09-22 03:49:48','debian'),(16,'Servidores','2020-09-22 03:50:04','2020-09-22 03:50:04','servidores'),(17,'Javascript','2020-10-10 05:17:56','2020-10-10 05:17:56','javascript'),(18,'Webpack','2020-10-18 06:34:52','2020-10-18 06:34:52','webpack'),(19,'MySQL','2021-02-05 03:50:03','2021-02-05 03:50:03','mysql'),(20,'Bases de Datos','2021-02-05 03:50:24','2021-02-05 03:50:24','bases-de-datos'),(21,'XFCE','2021-05-10 06:48:44','2021-05-10 06:48:44','xfce'),(22,'Homestead','2021-05-25 05:23:35','2021-05-25 05:23:35','homestead'),(23,'Node','2021-05-25 05:23:56','2021-05-25 05:23:56','node'),(24,'Editor de Código','2021-07-24 01:32:12','2021-07-24 01:32:12','editor-de-codigo'),(25,'Visual Studio Code','2021-07-24 01:32:28','2021-07-24 01:32:28','visual-studio-code'),(26,'toLocaleString()','2021-10-22 22:06:42','2021-10-22 22:06:42','tolocalestring'),(27,'Fechas Javascript','2021-10-22 22:07:10','2021-10-22 22:07:10','fechas-javascript'),(28,'Angular','2022-05-16 23:03:50','2022-05-16 23:03:50','angular'),(29,'Intermedio','2022-05-16 23:04:11','2022-05-16 23:04:11','intermedio'),(30,'Micro front-end','2023-04-07 09:35:45','2023-04-07 09:35:45','micro-front-end'),(31,'React','2023-04-07 09:36:11','2023-04-07 09:36:11','react'),(32,'Module Federation','2023-04-07 09:36:26','2023-04-07 09:36:26','module-federation'),(33,'nuevo','2023-11-09 05:36:21','2023-11-09 05:36:21','nuevo'),(34,'Git','2024-04-26 05:32:00','2024-04-26 05:32:00','git'),(35,'CSS','2024-04-30 06:05:08','2024-04-30 06:05:08','css-1'),(36,'Flutter','2025-04-19 02:42:04','2025-04-19 02:42:04','flutter');
/*!40000 ALTER TABLE `tags` ENABLE KEYS */;
UNLOCK TABLES;

--
-- Table structure for table `technologies`
--

DROP TABLE IF EXISTS `technologies`;
/*!40101 SET @saved_cs_client     = @@character_set_client */;
/*!40101 SET character_set_client = utf8mb4 */;
CREATE TABLE `technologies` (
  `id` int(11) NOT NULL AUTO_INCREMENT,
  `technology_name` varchar(45) NOT NULL,
  PRIMARY KEY (`id`),
  UNIQUE KEY `technologies_name_UNIQUE` (`technology_name`)
) ENGINE=InnoDB AUTO_INCREMENT=12 DEFAULT CHARSET=utf8mb3 COLLATE=utf8mb3_bin;
/*!40101 SET character_set_client = @saved_cs_client */;

--
-- Dumping data for table `technologies`
--

LOCK TABLES `technologies` WRITE;
/*!40000 ALTER TABLE `technologies` DISABLE KEYS */;
INSERT INTO `technologies` (`id`, `technology_name`) VALUES (11,' CSS'),(10,'HTML'),(2,'JAVASCRIPT'),(1,'PHP');
/*!40000 ALTER TABLE `technologies` ENABLE KEYS */;
UNLOCK TABLES;

--
-- Table structure for table `technology_tool`
--

DROP TABLE IF EXISTS `technology_tool`;
/*!40101 SET @saved_cs_client     = @@character_set_client */;
/*!40101 SET character_set_client = utf8mb4 */;
CREATE TABLE `technology_tool` (
  `id` int(10) unsigned NOT NULL AUTO_INCREMENT,
  `id_technology` int(11) NOT NULL,
  `id_tool` int(11) NOT NULL,
  PRIMARY KEY (`id`),
  KEY `fk_1_idx` (`id_technology`),
  KEY `fk_tool_idx` (`id_tool`),
  CONSTRAINT `fk_tech` FOREIGN KEY (`id_technology`) REFERENCES `technologies` (`id`) ON DELETE NO ACTION ON UPDATE NO ACTION,
  CONSTRAINT `fk_tool` FOREIGN KEY (`id_tool`) REFERENCES `tools` (`id`) ON DELETE NO ACTION ON UPDATE NO ACTION
) ENGINE=InnoDB AUTO_INCREMENT=20 DEFAULT CHARSET=utf8mb3 COLLATE=utf8mb3_bin;
/*!40101 SET character_set_client = @saved_cs_client */;

--
-- Dumping data for table `technology_tool`
--

LOCK TABLES `technology_tool` WRITE;
/*!40000 ALTER TABLE `technology_tool` DISABLE KEYS */;
INSERT INTO `technology_tool` (`id`, `id_technology`, `id_tool`) VALUES (1,1,1),(2,1,2),(3,2,3),(4,2,4),(7,1,12),(8,1,13),(10,1,15),(11,2,15),(12,10,15),(13,11,15),(14,2,16),(15,11,17),(18,2,20),(19,2,21);
/*!40000 ALTER TABLE `technology_tool` ENABLE KEYS */;
UNLOCK TABLES;

--
-- Table structure for table `tools`
--

DROP TABLE IF EXISTS `tools`;
/*!40101 SET @saved_cs_client     = @@character_set_client */;
/*!40101 SET character_set_client = utf8mb4 */;
CREATE TABLE `tools` (
  `id` int(11) NOT NULL AUTO_INCREMENT,
  `tool_name` varchar(45) CHARACTER SET utf8mb3 COLLATE utf8mb3_general_ci NOT NULL,
  PRIMARY KEY (`id`),
  UNIQUE KEY `tool_name_UNIQUE` (`tool_name`)
) ENGINE=InnoDB AUTO_INCREMENT=22 DEFAULT CHARSET=latin1 COLLATE=latin1_swedish_ci;
/*!40101 SET character_set_client = @saved_cs_client */;

--
-- Dumping data for table `tools`
--

LOCK TABLES `tools` WRITE;
/*!40000 ALTER TABLE `tools` DISABLE KEYS */;
INSERT INTO `tools` (`id`, `tool_name`) VALUES (16,'babylon.js'),(12,'CODEIGNAITER'),(3,'JQUERY'),(2,'LARAVEL'),(15,'N/A'),(20,'REACT'),(21,'REACT/Gatsby'),(17,'SASS'),(13,'simphony'),(4,'VUE'),(1,'Yii3');
/*!40000 ALTER TABLE `tools` ENABLE KEYS */;
UNLOCK TABLES;

--
-- Table structure for table `users`
--

DROP TABLE IF EXISTS `users`;
/*!40101 SET @saved_cs_client     = @@character_set_client */;
/*!40101 SET character_set_client = utf8mb4 */;
CREATE TABLE `users` (
  `id` int(10) unsigned NOT NULL AUTO_INCREMENT,
  `name` varchar(255) NOT NULL,
  `email` varchar(70) NOT NULL,
  `password` varchar(60) NOT NULL,
  `type` enum('member','admin') NOT NULL DEFAULT 'member',
  `remember_token` varchar(100) DEFAULT NULL,
  `created_at` timestamp NULL DEFAULT NULL,
  `updated_at` timestamp NULL DEFAULT NULL,
  PRIMARY KEY (`id`),
  UNIQUE KEY `users_email_unique` (`email`)
) ENGINE=InnoDB AUTO_INCREMENT=15 DEFAULT CHARSET=utf8mb4 COLLATE=utf8mb4_unicode_ci;
/*!40101 SET character_set_client = @saved_cs_client */;

--
-- Dumping data for table `users`
--

LOCK TABLES `users` WRITE;
/*!40000 ALTER TABLE `users` DISABLE KEYS */;
INSERT INTO `users` (`id`, `name`, `email`, `password`, `type`, `remember_token`, `created_at`, `updated_at`) VALUES (1,'Juan Gonzales','juan@gmail.com','$2y$10$u71Z4eLlcN4do1G1mUqRGuJixSxib0MMP.1lf5iqaQxMdom3oKUq6','member','lQTFCND4thNQ3wQdGjEVHpxNEbcV4yNEB78M1SrvE6FDlIxhDOFdfdJnNhgU','2018-03-02 23:26:21','2018-03-02 23:26:21'),(2,'Victor Gómez','victor@gmail.com','$2y$10$FAHp5cz94xhq8t1KFpVBcOaDzCmcIk99C/j5cTtr.A9wDvQKCQll2','admin','AcVT4ua31ttwpE3tGiPIUzBniqNFTIwHsPxT8lzuHjbdNY7IravYPkSc4cYL','2018-03-05 17:54:47','2018-03-05 17:55:11'),(3,'Esteban','Nuevo','$2y$10$4dSUdsL3pL/1v2Q.lmIoG.oX9Q9LZ0X9fIHVscM4Dw2gu/kZTp4cW','member',NULL,'2018-03-05 19:53:13','2018-03-07 21:35:03'),(4,'Lalo Landa','lalo@gmail.com','$2y$10$xTihGo.HnhI83piFBxNadOBp7.xkO.FO0de4yYcx8DtFDr0yVDk3u','member',NULL,'2018-03-27 19:26:27','2018-03-27 19:26:27'),(5,'UchexaswtTHz','vbenton1999@gmail.com','$2y$10$YmIx.t7YpBrqOcW532lR1OhVEs0T5DYOMuSwI0vP48N2pRkaiuFOa','member',NULL,'2024-11-01 16:13:51','2024-11-01 16:13:51'),(6,'fTdzAJLyglAjBAu','rodriguez_kelly1998@aol.com','$2y$10$dWX61fLWEq0U2KO8li0hW.kc5DIUtQAeVJBbV1g8bqVSiZtja9x0S','member',NULL,'2024-11-05 09:42:29','2024-11-05 09:42:29'),(7,'adminxps','budaklzcrew@gmail.com','$2y$10$uwnHvR6LNO70cJ3uynSZ1eYXqYIu.OU30VAGVB.Tl25VBf7Ei8vm2','member',NULL,'2025-03-23 14:18:10','2025-03-23 14:18:10'),(8,'adminxp','adminxp@gmail.com','$2y$10$wB6f5ZwuErWtNUL4rFA97.Mg5lppLNybCT9RdQtEswfXxwMIo2Ugm','member',NULL,'2025-09-10 13:03:59','2025-09-10 13:03:59'),(9,'HaroldBraMb','p.os.ting.meg.ast.o.pl.ay@gmail.com','$2y$10$K3Pp0gmIJ74zqJoC9AWHcusZoRZDiIZduU.JgqHcD.iZwtRsNkefC','member',NULL,'2025-09-18 02:52:04','2025-09-18 02:52:04'),(10,'adminexp','adminexp@gmail.com','$2y$10$tG1UU9Uvn63czazwcHjjoeVAuQwo9YiKEgKv.uOI67AD4xkzgpjNq','member',NULL,'2025-10-03 23:57:02','2025-10-03 23:57:02'),(11,'NKugyYQBAHKqlYzjlnHSlX','xulevuxe214@gmail.com','$2y$10$jFWPVPyiEZgcDfWmHU3QqulZcNCXyna.enGynDWAhfoxQAZ5KQSvq','member',NULL,'2025-11-06 16:09:53','2025-11-06 16:09:53'),(12,'CLRcMQZEzpuvIEhTpNZPq','hewomiqumo22@gmail.com','$2y$10$jGa6t/ftlUi7J3FxIem6tOvKrqasG/czUH0v07F5BmUWmW.srkLlS','member',NULL,'2025-11-08 23:15:48','2025-11-08 23:15:48'),(13,'MRekIyClzYhwRqPBrUou','akoyatihe67@gmail.com','$2y$10$EGYv6mS5gjBLT5JfjUhXXu5zSzsQRt8a2kJ5z1LHw4YoMeC0UGLii','member',NULL,'2025-11-13 10:01:28','2025-11-13 10:01:28'),(14,'BNtbZcJJFDRhcgkMnlvLfp','wufahepezik36@gmail.com','$2y$10$aiVH3BLAEeQysOqY8RrOA.bvODqziaUBdFFrsjrHWZYu/liJ/RBUm','member',NULL,'2025-12-26 04:03:03','2025-12-26 04:03:03');
/*!40000 ALTER TABLE `users` ENABLE KEYS */;
UNLOCK TABLES;

--
-- Table structure for table `work_image`
--

DROP TABLE IF EXISTS `work_image`;
/*!40101 SET @saved_cs_client     = @@character_set_client */;
/*!40101 SET character_set_client = utf8mb4 */;
CREATE TABLE `work_image` (
  `id` int(10) unsigned NOT NULL AUTO_INCREMENT,
  `work_id` int(10) unsigned NOT NULL,
  `image_id` int(10) unsigned NOT NULL,
  `created_at` timestamp NULL DEFAULT NULL,
  `updated_at` timestamp NULL DEFAULT NULL,
  `image_main` tinyint(4) DEFAULT NULL,
  `image_description` varchar(255) DEFAULT NULL,
  `image_order` int(11) DEFAULT NULL,
  PRIMARY KEY (`id`),
  KEY `work_image_work_id_foreign` (`work_id`),
  KEY `work_image_image_id_foreign` (`image_id`),
  CONSTRAINT `work_image_image_id_foreign` FOREIGN KEY (`image_id`) REFERENCES `images` (`id`) ON DELETE CASCADE,
  CONSTRAINT `work_image_work_id_foreign` FOREIGN KEY (`work_id`) REFERENCES `works` (`id`) ON DELETE CASCADE
) ENGINE=InnoDB AUTO_INCREMENT=82 DEFAULT CHARSET=utf8mb4 COLLATE=utf8mb4_unicode_ci;
/*!40101 SET character_set_client = @saved_cs_client */;

--
-- Dumping data for table `work_image`
--

LOCK TABLES `work_image` WRITE;
/*!40000 ALTER TABLE `work_image` DISABLE KEYS */;
INSERT INTO `work_image` (`id`, `work_id`, `image_id`, `created_at`, `updated_at`, `image_main`, `image_description`, `image_order`) VALUES (37,38,92,NULL,NULL,1,NULL,NULL),(38,38,93,NULL,NULL,NULL,NULL,2),(39,38,94,NULL,NULL,NULL,NULL,3),(40,38,95,NULL,NULL,NULL,NULL,1),(41,39,96,NULL,NULL,1,NULL,NULL),(42,40,97,NULL,NULL,1,NULL,NULL),(43,40,98,NULL,NULL,NULL,NULL,NULL),(44,40,99,NULL,NULL,NULL,NULL,NULL),(45,40,100,NULL,NULL,NULL,NULL,NULL),(46,41,101,NULL,NULL,1,NULL,NULL),(47,41,102,NULL,NULL,NULL,NULL,NULL),(48,41,103,NULL,NULL,NULL,NULL,NULL),(49,41,104,NULL,NULL,NULL,NULL,NULL),(50,41,105,NULL,NULL,NULL,NULL,NULL),(51,41,106,NULL,NULL,NULL,NULL,NULL),(52,41,107,NULL,NULL,NULL,NULL,NULL),(53,41,108,NULL,NULL,NULL,NULL,NULL),(54,41,109,NULL,NULL,NULL,NULL,NULL),(55,41,110,NULL,NULL,NULL,NULL,NULL),(56,42,111,NULL,NULL,1,NULL,NULL),(57,43,112,NULL,NULL,1,NULL,NULL),(58,43,113,NULL,NULL,NULL,NULL,NULL),(59,43,114,NULL,NULL,NULL,NULL,NULL),(60,43,115,NULL,NULL,NULL,NULL,NULL),(61,43,116,NULL,NULL,NULL,NULL,NULL),(62,43,117,NULL,NULL,NULL,NULL,NULL),(63,43,118,NULL,NULL,NULL,NULL,NULL),(64,44,119,NULL,NULL,1,NULL,NULL),(65,45,120,NULL,NULL,1,NULL,NULL),(66,45,121,NULL,NULL,NULL,NULL,5),(67,45,122,NULL,NULL,NULL,NULL,2),(68,45,123,NULL,NULL,NULL,NULL,6),(69,45,124,NULL,NULL,NULL,NULL,4),(70,45,125,NULL,NULL,NULL,NULL,1),(71,45,126,NULL,NULL,NULL,NULL,7),(72,45,127,NULL,NULL,NULL,NULL,3),(73,45,128,NULL,NULL,NULL,NULL,8),(74,45,129,NULL,NULL,NULL,NULL,9),(75,46,131,NULL,NULL,1,NULL,NULL),(76,46,132,NULL,NULL,NULL,NULL,3),(77,46,133,NULL,NULL,NULL,NULL,1),(78,46,134,NULL,NULL,NULL,NULL,2),(79,47,146,NULL,NULL,1,NULL,NULL),(80,48,148,NULL,NULL,1,NULL,NULL),(81,49,151,NULL,NULL,1,NULL,NULL);
/*!40000 ALTER TABLE `work_image` ENABLE KEYS */;
UNLOCK TABLES;

--
-- Table structure for table `work_technology`
--

DROP TABLE IF EXISTS `work_technology`;
/*!40101 SET @saved_cs_client     = @@character_set_client */;
/*!40101 SET character_set_client = utf8mb4 */;
CREATE TABLE `work_technology` (
  `id` int(10) NOT NULL AUTO_INCREMENT,
  `id_work` int(10) unsigned NOT NULL,
  `id_technology_tool` int(11) unsigned NOT NULL,
  PRIMARY KEY (`id`),
  KEY `fgfg_idx` (`id_work`),
  KEY `fk_tool_tech_idx` (`id_technology_tool`),
  CONSTRAINT `fk_tool_tech` FOREIGN KEY (`id_technology_tool`) REFERENCES `technology_tool` (`id`) ON DELETE NO ACTION ON UPDATE NO ACTION,
  CONSTRAINT `fk_work` FOREIGN KEY (`id_work`) REFERENCES `works` (`id`) ON DELETE CASCADE ON UPDATE NO ACTION
) ENGINE=InnoDB AUTO_INCREMENT=59 DEFAULT CHARSET=utf8mb3 COLLATE=utf8mb3_bin;
/*!40101 SET character_set_client = @saved_cs_client */;

--
-- Dumping data for table `work_technology`
--

LOCK TABLES `work_technology` WRITE;
/*!40000 ALTER TABLE `work_technology` DISABLE KEYS */;
INSERT INTO `work_technology` (`id`, `id_work`, `id_technology_tool`) VALUES (21,38,12),(22,38,13),(23,38,11),(24,39,12),(25,39,13),(26,40,12),(27,40,13),(28,40,14),(32,41,13),(33,41,12),(34,41,11),(35,42,12),(36,42,13),(37,43,12),(38,43,13),(39,43,11),(40,44,12),(41,44,13),(42,45,12),(43,45,15),(44,45,3),(45,45,2),(46,46,12),(47,46,13),(48,46,1),(49,46,3),(50,47,12),(51,47,13),(52,47,11),(53,48,12),(54,48,13),(55,48,11),(56,49,19),(57,49,12),(58,49,15);
/*!40000 ALTER TABLE `work_technology` ENABLE KEYS */;
UNLOCK TABLES;

--
-- Table structure for table `works`
--

DROP TABLE IF EXISTS `works`;
/*!40101 SET @saved_cs_client     = @@character_set_client */;
/*!40101 SET character_set_client = utf8mb4 */;
CREATE TABLE `works` (
  `id` int(10) unsigned NOT NULL AUTO_INCREMENT,
  `title` varchar(255) CHARACTER SET utf8mb4 COLLATE utf8mb4_unicode_ci NOT NULL,
  `detail` text CHARACTER SET utf8mb4 COLLATE utf8mb4_unicode_ci NOT NULL,
  `created_at` timestamp NULL DEFAULT NULL,
  `updated_at` timestamp NULL DEFAULT NULL,
  `slug` varchar(255) CHARACTER SET utf8mb4 COLLATE utf8mb4_unicode_ci DEFAULT NULL,
  `url` text CHARACTER SET utf8mb4 COLLATE utf8mb4_unicode_ci DEFAULT NULL,
  `id_categoryWork` int(11) NOT NULL,
  PRIMARY KEY (`id`),
  KEY `fk_works_1_idx` (`id_categoryWork`)
) ENGINE=InnoDB AUTO_INCREMENT=50 DEFAULT CHARSET=utf8mb3 COLLATE=utf8mb3_bin;
/*!40101 SET character_set_client = @saved_cs_client */;

--
-- Dumping data for table `works`
--

LOCK TABLES `works` WRITE;
/*!40000 ALTER TABLE `works` DISABLE KEYS */;
INSERT INTO `works` (`id`, `title`, `detail`, `created_at`, `updated_at`, `slug`, `url`, `id_categoryWork`) VALUES (38,'Nuevo diseño sitio IIPSA','<p>Diseño y desarrollo de sitio web de la empresa INSTRUMENTACIÓN INDUSTRIAL DE PUEBLA.</p><p><span style=\"font-size: 1rem;\">El sitio fue desarrollado&nbsp; con un diseño LANDING PAGE implementando las últimas tecnologías para desarrollo web HTML5 CSS3 y JAVASCRIPT.&nbsp;</span></p>','2020-08-10 17:54:01','2020-08-10 17:54:01','nuevo-diseno-sitio-iipsa','https://www.iipsacv.com.mx/',2),(39,'Sitio en mantenimiento','<p>Desarrollo y diseño de una vista para sitios en mantenimiento con una pequeña animación. </p><p>Desarrollado únicamente con tecnologías HTML5 y CSS3.</p>','2020-08-10 18:04:24','2020-08-10 18:11:18','sitio-en-mantenimiento','http://gomez-site.mx/proyects/gomez-site-pre/',2),(40,'Recorrido virtual UTP','<p><span style=\"color: rgb(33, 37, 41); font-family: \" barlow=\"\" semi=\"\" condensed\";\"=\"\">Se desarrolló&nbsp; un proyecto web para realizar un recorrido&nbsp; virtual por&nbsp; las instalaciones de la Universidad Tecnológica de Puebla. </span></p><p><span style=\"color: rgb(33, 37, 41); font-family: \" barlow=\"\" semi=\"\" condensed\";\"=\"\">Desarrollado como proyecto escolar con tecnologías HTML5, CSS3 y WebGL para el manejo de gráficos 3d mediante el framework babylon.js de JAVASCRIPT .</span><br></p>','2020-08-13 20:55:53','2020-08-13 21:03:39','recorrido-virtual-utp','http://gomez-site.mx/proyects/utp/',2),(41,'Nuevo diseño sitio EIMSA','<p>Rediseño para el sitio web de  la empresa <b>EMBOBINADOS INDUSTRIALES Y MONTAJES S.A. de C.V.  </b>empresa dedicada a la reparación y embobinado de motores eléctricos.</p><h3>La situación</h3><p>El sitio contaba con un diseño desarrollado con la tecnología <b>flash, </b>la empresa necesitaba  cambiar solo algunas imágenes del sitio, pero debido a la tecnología <b>flash</b> antes mencionada  se hizo la propuesta de un nuevo diseño con las últimas tecnologías de desarrollo web.</p><h3>La propuesta</h3><p>Se diseñó y  desarrolló un nuevo sitio estático con la información y servicios de la empresa. Desarrollado con las últimas tecnologías web <b>HTML5</b> Y <b>CSS3</b> para el diseño y maquetado del sitio  y <b>JAVASCRIPT</b> para dotarla de un poco de dinamismo.</p>','2020-08-20 01:30:12','2020-08-20 01:48:29','nuevo-diseno-sitio-eimsa','http://www.eimsacv.com.mx/',2),(42,'Lluvia binaria','<p>Pen con una sencilla animación de una lluvia de unos y ceros, desarrollado con HTML y CSS.</p><h3>¿Cómo?</h3><p>La animación esta desarrollada únicamente con&nbsp; las animaciones de <b>CSS3</b>&nbsp; mediante&nbsp; la propiedad <b>animation</b> y la regla <b>@keyframes</b>, con ayuda&nbsp; &nbsp;de la herramienta online&nbsp;<b><a href=\"https://codepen.io/\" target=\"_blank\">codepen.io</a>.</b><br></p>','2020-08-20 22:30:37','2023-05-19 02:07:26','lluvia-binaria','https://codepen.io/victor-gomez-rodriguez',4),(43,'Sitio IEMSA','<p>La empresa <b>INDUSTRIA ELECTROMECÁNICA S.A.</b>&nbsp; necesitaba un desarrollo para mostrar los servicios y la información de la empresa.</p><h3>La propuesta</h3><p>Se propone tanto el diseño como el desarrollo para el sitio de la empresa. Diseñado bajo el&nbsp; estilo <b>landing page </b>y<b> responsive.</b>&nbsp;Desarrollado con las tecnologías <b>HTML5</b>, <b>CSS3</b> y un poco de <b>JAVASCRIPT </b>para el dinamismo del sitio.&nbsp;</p><p><br></p>','2020-08-22 02:00:19','2020-08-22 02:00:19','sitio-iemsa','http://iemsapuebla.com.mx/',2),(44,'Skeleton preloader','<p>Pen con&nbsp; un preloader estilo skeleton, hecho con&nbsp; <b>HTML</b> y <b>CSS</b>.</p><h3>¿Cómo?</h3><p>La funcionalidad de un preloader es mostrarse mientras los recursos de una aplicación o servicio no han sido cargados. </p><p>Un <b>preloader skeleton</b> tiene como principal característica la de cargar recuadros en tonalidades oscuras en las áreas o segmentos en donde el contenido aún no ha cargado, simulando el esqueleto de la página o aplicación.</p><p>Este preloader está desarrollado con una pequeña animación con css3&nbsp; y el attributo <b>background</b> y su valor de&nbsp; <b>linear-gradient, </b>para llegar a ese efecto de destello.</p><p>A continuación el <b>PEN</b>.<br></p>','2020-09-12 01:40:55','2023-05-19 01:42:03','skeleton-preloader','https://codepen.io/victor-gomez-rodriguez/pen/JjXygEx',4),(45,'Sitio gomez-site','<p>Desarrollo y diseño del sitio en el que te encuentras. Sitio auto administrable con los&nbsp; apartados de proyectos y mis notas (BLOG).</p><h3>¿Cómo?</h3><p>Desarrollo logrado con&nbsp; diferentes tecnologías web <b>PHP</b>,&nbsp; <b>JAVASCRIPT</b>, <b>HTML</b>, <b>CSS3 </b>y <b>SQL</b>.</p><ul><li>El desarrollo esta logrado con ayuda del patrón <b>MVC </b>en el lenguaje de programación <b>PHP</b> y el framework <b>LARAVEL</b>. </li><li>Una base de datos relacional con el gestor de bases de datos MySql que se encarga del almacenamiento de la información del sistema.</li><li>Para dotar dinamismo al sitio se emplea el framework de <b>JAVASCRIPT JQUERY</b>.</li><li>Para el tema de la maquetación y diseño responsivo se emplearon las herramientas de <b>HTML5 </b>y <b>CSS3</b> con el preprocesador <b>SASS</b>.</li></ul><h3>¿Qué más?</h3><p>Sistema de autenticación.</p><img class=\"img-fluid\" src=\"http://gomez-site.mx/images/articles/generals/09-2020/generals_1600359957.png\"><p>Panel de administración con el cual se logra la creación y edición de las secciones&nbsp; blog y proyectos junto a sus diferentes módulos.</p><p><img src=\"http://gomez-site.mx/images/articles/generals/09-2020/generals_1600357919.png\" class=\"img-fluid\"><br></p><p><br></p>','2020-09-12 05:34:07','2020-09-17 23:45:07','sitio-gomez-site',NULL,2),(46,'Sistema ASFOCUS IMAGEN TV Puebla','<p>Desarrollo de módulos para el sistema gestor de la información del área comercial-contable de la empresa, con el que entre otras cosas se logró centralizar la información en un único sitio.</p><h3>¿Cómo?&nbsp;</h3><p>Para el desarrollo del sistema se implementaron tecnologías PHP con el framework <b>Yii3</b>, <b>JAVASCRIPT</b> y <b>JQUERY</b>, <b>MySQL</b> y las tecnologías de diseño y maquetado <b>HTML5</b> y <b>CSS3</b>.</p><p>El sistema gestiona e integra la información de los distintos departamentos que tienen&nbsp; que ver con la comercialización de la empresa; para ello el desarrollo&nbsp; cuenta con diferentes funciones y las mas importantes solo por mencionar algunas...</p><h4>Control de usuarios, roles, módulos y restricciones.</h4><p>Controla los usuarios, roles y el nivel de acceso que tienen estos a la información en el sistema.</p><p><img src=\"http://gomez-site.mx/images/articles/generals/09-2020/generals_1601068881.png\" style=\"width: 671px;\"><br></p><h4>Módulo de control de clientes y saldos disponibles.</h4><p>Administración de clientes y sus contratos (saldos, anexos etc.)&nbsp;</p><p><img src=\"http://gomez-site.mx/images/articles/generals/09-2020/generals_1601069082.png\" style=\"width: 671px;\"><br></p><h4>Pautado  comercialización y conciliación</h4><p>Administración del calendarizado comercial y los módulos que son necesarios para dicha comercialización así como sus restricciones.&nbsp;&nbsp;</p><p><img src=\"http://gomez-site.mx/images/articles/generals/09-2020/generals_1601069647.png\" style=\"width: 671px;\"><br></p><p><br></p>','2020-09-26 01:54:55','2022-07-18 22:43:22','sistema-asfocus-imagen-tv-puebla',NULL,2),(47,'Animacióm Haloween','<p>Sencilla animación en CODEPEN con CSS, JAVASCRIPT y una imagen vectorial &nbsp; sobre un ambiente alusivo al día de brujas.<br></p>','2021-10-11 06:55:47','2021-10-11 06:55:47','animaciom-haloween','https://codepen.io/victor-gomez-rodriguez/pen/LYjPEgm',4),(48,'Animación sobre un input search','<p><br></p><p><br></p><p>Simple animacón de texto placeholder sobre un input de busqueda solamente con HTML CSS y JAVASCRIPT</p>','2022-07-18 23:19:24','2022-07-18 23:19:24','animacion-sobre-un-input-search','https://codepen.io/victor-gomez-rodriguez/pen/poaRxex',4),(49,'Sitio web DELEKTRON','<p>Desarrollo y diseño de sitio web de la empresa, adaptable a diferentes dispositivos.&nbsp;</p><p>Desarrollado con las siguientes tecnológias y herramientas:</p><ol><li>REACT</li><li>GATSBY</li><li>HTML5</li><li>CSS/SASS</li></ol>','2023-05-19 00:46:44','2023-05-19 00:46:44','sitio-web-delektron','http://delektron.com/',2);
/*!40000 ALTER TABLE `works` ENABLE KEYS */;
UNLOCK TABLES;

--
-- Dumping events for database 'blogGS'
--

--
-- Dumping routines for database 'blogGS'
--
/*!50003 SET @saved_sql_mode       = @@sql_mode */ ;
/*!50003 SET sql_mode              = '' */ ;
/*!50003 DROP PROCEDURE IF EXISTS `totales_articulos` */;
/*!50003 SET @saved_cs_client      = @@character_set_client */ ;
/*!50003 SET @saved_cs_results     = @@character_set_results */ ;
/*!50003 SET @saved_col_connection = @@collation_connection */ ;
/*!50003 SET character_set_client  = latin1 */ ;
/*!50003 SET character_set_results = latin1 */ ;
/*!50003 SET collation_connection  = latin1_swedish_ci */ ;
DELIMITER ;;
CREATE  PROCEDURE `totales_articulos`(IN articulo_status varchar(100))
BEGIN
select count(id) as total_art from articles where status=articulo_status;
END ;;
DELIMITER ;
/*!50003 SET sql_mode              = @saved_sql_mode */ ;
/*!50003 SET character_set_client  = @saved_cs_client */ ;
/*!50003 SET character_set_results = @saved_cs_results */ ;
/*!50003 SET collation_connection  = @saved_col_connection */ ;
/*!50003 SET @saved_sql_mode       = @@sql_mode */ ;
/*!50003 SET sql_mode              = '' */ ;
/*!50003 DROP PROCEDURE IF EXISTS `totales_proyectos` */;
/*!50003 SET @saved_cs_client      = @@character_set_client */ ;
/*!50003 SET @saved_cs_results     = @@character_set_results */ ;
/*!50003 SET @saved_col_connection = @@collation_connection */ ;
/*!50003 SET character_set_client  = latin1 */ ;
/*!50003 SET character_set_results = latin1 */ ;
/*!50003 SET collation_connection  = latin1_swedish_ci */ ;
DELIMITER ;;
CREATE  PROCEDURE `totales_proyectos`()
BEGIN
select count(id) as total_proy from works ;
END ;;
DELIMITER ;
/*!50003 SET sql_mode              = @saved_sql_mode */ ;
/*!50003 SET character_set_client  = @saved_cs_client */ ;
/*!50003 SET character_set_results = @saved_cs_results */ ;
/*!50003 SET collation_connection  = @saved_col_connection */ ;
/*!40103 SET TIME_ZONE=@OLD_TIME_ZONE */;

/*!40101 SET SQL_MODE=@OLD_SQL_MODE */;
/*!40014 SET FOREIGN_KEY_CHECKS=@OLD_FOREIGN_KEY_CHECKS */;
/*!40014 SET UNIQUE_CHECKS=@OLD_UNIQUE_CHECKS */;
/*!40101 SET CHARACTER_SET_CLIENT=@OLD_CHARACTER_SET_CLIENT */;
/*!40101 SET CHARACTER_SET_RESULTS=@OLD_CHARACTER_SET_RESULTS */;
/*!40101 SET COLLATION_CONNECTION=@OLD_COLLATION_CONNECTION */;
/*!40111 SET SQL_NOTES=@OLD_SQL_NOTES */;

-- Dump completed on 2026-02-03  7:25:19
